freq,PDB: 2OAY; native form of c1 inhibitor  _deriv_baselineCorr,PDB: 2OAY; native form of c1 inhibitor  _deriv_baselineCorr_ref_compare,PDB: 1LQ8; split form of c1 inhibitor  _deriv_baselineCorr,PDB: 1V94; carbonic anhydrase (bovin)_deriv_baselineCorr,PDB: 1ATH; cleaved form of anti-thrombin_deriv_baselineCorr,PDB: 3IF7; calmodulin_deriv_baselineCorr,PDB: 2MLT; melittin _deriv_baselineCorr,PDB: 3DLW; native anti-chymotrypsin_deriv_baselineCorr,PDB: 1T1F; native form of anti-thrombin  _deriv_baselineCorr,PDB: 1OVA; native ovalbumin _deriv_baselineCorr,PDB: 1H3E; Split form ovalbumin_deriv_baselineCorr,PDB: 1T5A; pyruvate kinase_deriv_baselineCorr,PDB: 3ENJ; pig citrate synthase _deriv_baselineCorr,PDB: 2BRD; bacteriorhodopsin in purple membrane_deriv_baselineCorr,PDB: 2AXT; phtosystem II reaction centre  _deriv_baselineCorr,PDB: 2I37; rhodopsin bleached _deriv_baselineCorr,PDB: 1HZX; rhodopsin unbleached_deriv_baselineCorr,PDB: 2ACH; sact1 DIFF_deriv_baselineCorr,PDB: 1AS4; split anti-chymotrypsin_deriv_baselineCorr,PDB: 1GNS; subtilisin _deriv_baselineCorr,PDB: 3CEI; superoxide dismutase _deriv_baselineCorr,PDB: 1QOV; Reaction centere R. Sphae._deriv_baselineCorr,PDB: 1SSN; staphylokinase-B wild type _deriv_baselineCorr,PDB: 1yph; chymotrypsin(bovin)_deriv_baselineCorr,PDB: 3A7T; trypsin (bovine)_deriv_baselineCorr,PDB: 3V03; albumin (bovine)_deriv_baselineCorr,PDB: 3AGV; IgG (Human)_deriv_baselineCorr,PDB: 1QHO; alpha amylase_type2 (basillus species)_deriv_baselineCorr,PDB: 1DAY; alpha casein (bovine milk)_deriv_baselineCorr,PDB: 4GCR; apha-Crystallin(Bovine eye lens)_deriv_baselineCorr,PDB: 1HFZ; alpha_lactalbumin (human)_deriv_baselineCorr,PDB: 1a06; albumin (human)_deriv_baselineCorr,PDB: 1E7H; albumin (sheep)_deriv_baselineCorr,PDB: 6adh; alcohol dehydrogenase_deriv_baselineCorr,PDB: 1SLF; avidin_deriv_baselineCorr,PDB: 3LDJ; Aprotinin (bovine lung)_deriv_baselineCorr,PDB: 1BEB; Î²-lactoglobulin_deriv_baselineCorr,PDB: 3M1K; carbonic anhydrase (human)_deriv_baselineCorr,PDB: 1bkv; collagen (calf skin)_deriv_baselineCorr,PDB: 1ovt; conalbumin(chicken egg white)_deriv_baselineCorr,PDB: 3cna; concanavalin(jack bean)_deriv_baselineCorr,PDB: 1HRC; cytochrome (Horse heart)_deriv_baselineCorr,PDB: 1mpx; d_amino acid dehydrogenase_deriv_baselineCorr,PDB: 2OII; elastin_deriv_baselineCorr,PDB: 1W17; esterase (bacillus sybstilis)_deriv_baselineCorr,PDB: 1T1C; esterase (rhizopus oryzae)_deriv_baselineCorr,PDB: 3F32; ferritin (horse spleen)_deriv_baselineCorr,PDB: 1DLP; Fetuin (calf serum)_deriv_baselineCorr,PDB: 3ghg; fibrinogen(bovine plasma)_deriv_baselineCorr,PDB: 1GAL; glucose oxidase (aspegillus niger)_deriv_baselineCorr,PDB: 3AGV; IgG (bovine) _deriv_baselineCorr,PDB: 2OLY; insulin (human)_deriv_baselineCorr,PDB: 1CRL; lipaseA (candida rugosa)_deriv_baselineCorr,PDB: 1OIL; lipase (wheat)_deriv_baselineCorr,PDB: 3H3F; l_lactic (rabbit muscle)_deriv_baselineCorr,PDB: 1NZ2; myoglobulin(horse muscle)_deriv_baselineCorr,PDB: 9pap; papain(papaya lanex)_deriv_baselineCorr,PDB: 1yx9; pepsin(pepsin gastric mucosa)_deriv_baselineCorr,PDB: 1lsh; phosvitin(from egg white)_deriv_baselineCorr,PDB: 3AJ8; proteinase (from bovine pancreas)_deriv_baselineCorr,PDB: 1HCH; peroxidase (horseradish)_deriv_baselineCorr,PDB: 1rbx; ribnuA(from bovine pancreas)_deriv_baselineCorr,PDB: 3djv; ribnuS.dpt (from bovine pancreas)_deriv_baselineCorr,PDB: 1rbb; ribonucleausB(bovine pancrease)_deriv_baselineCorr,PDB: 1RQW; thaumactin (t.danielli)_deriv_baselineCorr,PDB: 1QGD; Transketalose (E.coli)_deriv_baselineCorr,PDB: 2J9Z; Tryptophan Synthase_deriv_baselineCorr,PDB: 1BBI; typsin-chymotripsin_deriv_baselineCorr,PDB: 1UHB; trypsin (hog pancreas)_deriv_baselineCorr,PDB: 3A7T; trypsin (bovine).1_deriv_baselineCorr,PDB: 2tga; trypsinogen(bovine pancreas)_deriv_baselineCorr,PDB: 2ZCB; ubiquitin (bovine)_deriv_baselineCorr,PDB: 4H9M; urease (Canavalia ensiformis)_deriv_baselineCorr,PDB: 3NNE; choline oxidase_deriv_baselineCorr,PDB: 1bg3; hexakinase_deriv_baselineCorr,PDB: 1w2t; invertase(from baker's yeast)_deriv_baselineCorr,PDB: 1LDM; lactic dehydrogenase_deriv_baselineCorr,PDB: 1IOA; lectin ( p.vulgaris)_deriv_baselineCorr,PDB: 2lyz; Lysozyme (chicken egg)_deriv_baselineCorr,PDB: 2QSP; Hemoglobin bovine_deriv_baselineCorr,PDB: 1YJ0; annexinV/without calcium_deriv_baselineCorr,PDB: 2EIB; galactose oxidase _deriv_baselineCorr,PDB: 1HNA; lglutathion (reduced)_deriv_baselineCorr,PDB: 2ZFG; porin _deriv_baselineCorr,PDB: 3CWL; alpha-1-antitrypsin _deriv_baselineCorr
1705,0.002184376,0.002184376,0.002278629,0.003712209,0.004691472,0.00548653,0.004471836,0.002325404,0.004587767,0.001457352,0.002025524,0.006562015,0.00590976,0.006540248,0.008168116,0.004808922,0.004535246,0.003244214,0.003244214,0.004199704,0.00167233,0.000436392,0.003605642,0.006593229,0.003683773,0.010246672,0.010157494,0.010803042,0.003739,0.002569168,0.003685881,0.00870434,0.009124018,0.008267551,0.000493567,0.008971106,0.008338247,0.008572861,0.014883002,0.005248422,0.001539532,0.007658773,0.015040668,0.009944005,0.006376629,0.002595391,0.00632138,0.00815291,0.005108278,0.001455485,0.002285003,0.006151192,0.008063832,0.001935557,0.003676688,0.009782188,0.005795892,0.004696083,0.001291621,0,0.00536194,0.007138679,0.006514602,0.006318215,0.004391652,0.008821436,0.001810347,0.003217364,0.002596824,0.003922586,0.002924179,0.007427468,0.004079071,0.002040611,0.006064497,0.007070731,0.006627806,0.002476426,0.003911493,0.015941099,0.006958577,0.003248676,0.010475798,0.000298656,0.009164629
1704,0.001162701,0.001162701,0.001268745,0.003436866,0.004053941,0.004848713,0.004001272,0.001729724,0.004046138,0.001684338,0.00211264,0.00639795,0.005434394,0.006551377,0.008959345,0.004553321,0.004205433,0.002688914,0.002688914,0.003653766,0.000949487,2.32E-05,0.003154937,0.005441132,0.002806907,0.009594848,0.007533869,0.009902788,0.003109539,0.001816583,0.002163076,0.007541628,0.007843073,0.008342711,0.000308479,0.00682422,0.007728662,0.006602948,0.009809499,0.004221231,0.000297258,0.007166848,0.010150308,0.008882024,0.004680489,0.002307014,0.006733364,0.00665649,0.004607466,0.001197877,0.001553802,0.005226587,0.009326351,0.001177768,0.00313916,0.009529307,0.004758521,0.003715083,0.001919978,8.20E-05,0.004281157,0.005780814,0.005461651,0.005360544,0.00413102,0.008774762,0.001988832,0.002390041,0.001961143,0.002365336,0.001663757,0.006919418,0.002420548,0.001117787,0.00434381,0.006597772,0.005636807,0.001245016,0.002979525,0.012968611,0.006481289,0.001370535,0.008506511,0,0.008869997
1703,0.000279008,0.000279008,0.000479583,0.002898434,0.003510247,0.00411327,0.003620228,0.001153447,0.00359893,0.002072535,0.002355151,0.006077113,0.00492903,0.006540834,0.009692846,0.004406523,0.003920061,0.002234242,0.002234242,0.003117282,0.000346536,0,0.002563386,0.004123295,0.002006839,0.009281973,0.005024436,0.009476353,0.002203115,0.000791511,0.002041943,0.006453586,0.006399297,0.007378163,0.000484753,0.004533498,0.00570397,0.004448512,0.007653804,0.002849143,0,0.006683403,0.00805597,0.005889168,0.003800213,0.001826386,0.006128262,0.003457247,0.003933647,0.001249399,0.000959701,0.004250615,0.010751776,0.000748659,0.002709139,0.009029712,0.003660916,0.002307167,0.003735229,0.000754492,0.003105938,0.004772302,0.004246048,0.003981258,0.003583692,0.006814443,0.001351386,0.001486116,0.001203736,0.00127947,0.000844483,0.00617391,0.002151598,0.000636879,0.003454844,0.008324071,0.004962927,0.000251725,0.001850077,0.009300347,0.0059657,0.001065972,0.006611663,0.000792791,0.00855461
1702,0,0,0.000421563,0.002113252,0.003176379,0.003531859,0.00326067,0.000662362,0.003198934,0.002135407,0.002185965,0.005860604,0.004415974,0.006624008,0.010399179,0.004256703,0.003826171,0.001988764,0.001988764,0.002401181,0,0.000388699,0.001746483,0.003048004,0.001198118,0.0092559,0.002935563,0.00724941,0.001737313,0.000259512,0.001816984,0.00563222,0.005102069,0.00617561,0.000907811,0.002759521,0.004637197,0.002623226,0.007087662,0.001709486,0.000598953,0.005937034,0.00701148,0.004054837,0.002855527,0.0013778,0.006372878,0.001083615,0.002749911,0.001584289,0.000624568,0.00340306,0.010548144,0.00035607,0.001634084,0.008641138,0.002978259,0.000971917,0.003490868,0.001410572,0.002602272,0.003684692,0.00338143,0.002782665,0.002788764,0.005227518,0.001172901,0.000704756,0.000486905,0.000547142,0.000516773,0.005577504,0.001210274,5.20E-05,0.003936367,0.008513255,0.004178055,0,0.001056692,0.006220816,0.005499968,0,0.004466426,0.002599763,0.008271532
1701,0.000285771,0.000285771,0.001070745,0.00120126,0.003142549,0.002928753,0.00293355,0.000337872,0.002948352,0.001995798,0.001724824,0.005762727,0.003862151,0.006738225,0.010949305,0.004293403,0.00382726,0.002010591,0.002010591,0.001440472,6.33E-05,0.001147059,0.002169019,0.002029308,0.000427977,0.008421565,0.001222687,0.005448903,0.001158209,0.000194634,0.001592024,0.005248205,0.003918823,0.005486648,0.001912573,0.001310506,0.003548653,0.00121187,0.00529125,0.001034689,0.001858974,0.005428145,0.005249236,0.003716934,0.002147013,0.001121465,0.00632138,0,0.001684548,0.002125266,0.000609334,0.00281234,0.010792502,0,0.001161059,0.008110704,0.002228674,0.000308833,0.004573038,0.001656602,0.001899239,0.002676181,0.002662341,0.001734648,0.001954741,0.004434055,0.000203983,0.000183849,0.00029079,0,0.000680628,0.004947964,0,0,0.004970126,0.006976139,0.003393183,0.000292545,0.000602834,0.003503584,0.005095651,0.000659887,0.002733994,0.00537858,0.008038522
1700,0.000869827,0.000869827,0.00199664,0.000422576,0.003333849,0.00223236,0.002621596,0.000244427,0.003095173,0.002096394,0.001588937,0.005713087,0.003298712,0.006814955,0.011403215,0.00428045,0.004049459,0.002377673,0.002377673,0.001006794,0.00054287,0.00219421,0.002563386,0.001216776,0,0.008160835,0.000189391,0.004406504,0.000553926,0,0.002093857,0.004842856,0.002990681,0.005323802,0.003296323,0.000277018,0.001415107,0.000458815,0.002732724,0.000284914,0.004041826,0.004461257,0.002485353,0.002461865,0.001932312,0.001153507,0.006025266,0.000670809,0.001311216,0.002743525,0.000914001,0.002555506,0.011240493,0.00012782,0.001268565,0.007759138,0.001512554,0,0.003595595,0.001935436,0.001500504,0.00158857,0.001977494,0.000746862,0.001238003,0.004854123,0,0,0,7.58E-05,0.00056719,0.004152756,0.000627549,0.000324938,0.006101537,0.004776882,0.003123631,0.001078334,0.000232126,0.001634457,0.00470951,0.000609127,0.001380532,0.008722553,0.00787013
1699,0.001549591,0.001549591,0.002934303,0,0.003693895,0.001676982,0.0024316,0.000405446,0.003696465,0.002504582,0.001953881,0.005544815,0.002721428,0.006921851,0.011486979,0.00430506,0.004433514,0.003099649,0.003099649,0.000997341,0.001523738,0.003395936,0.001605638,0.00037999,6.13E-05,0.008369419,0,0.002558615,0.00065464,0.000259512,0.002336122,0.004522844,0.002415341,0.004459467,0.005173641,0,0.000478959,0,0.000435494,0,0.006717151,0.003579183,0.000316025,0.000530991,0.001202327,0.001505968,0.005484537,0.000619208,0.000919672,0.003992924,0.001477636,0.00265824,0.0100187,0.000766919,0.001892097,0.007648117,0.000709428,0.000554083,0.002408699,0.002312682,0.001028317,0.000421861,0.000804695,0,0.000742802,0.004247358,0.000611948,0.000168529,0.000229927,0.001018526,0.000264689,0.003318891,0.000851674,0.001559702,0.007091522,0.002388441,0.002766871,0.002394785,6.93E-06,0.000448755,0.004394392,0.002233465,0.0007038,0.011974917,0.00775523
1698,0.002521891,0.002521891,0.004082543,0.000132009,0.004213827,0.00117584,0.00224308,0.000853042,0.004471556,0.002683849,0.002194374,0.005301383,0.002121068,0.006940008,0.011306999,0.00453087,0.004879218,0.004109905,0.004109905,0.001232496,0.002762362,0.004600113,0.002197188,0,0.000630968,0.007900106,0.00068515,0.002037416,0.000919014,0.001505169,0.003235961,0.00435217,0.002247081,0.004021036,0.006936381,0.000474126,0,0.000179536,0,0.00023243,0.009698608,0.00327385,0,0,0.000944686,0.002146805,0.004866561,0.002270431,0.001493329,0.00515216,0.00217837,0.003094859,0.009122719,0.001369498,0.002064106,0.007580271,0,0.001562333,0.001396347,0.002476702,0.001059796,0,3.42E-05,8.43E-05,0.000521264,0.002940479,0.00058645,0.000643473,0.000615393,0.002222238,0,0.00283293,0.000896499,0.002950437,0.008179158,0.001584411,0.002425967,0.004044602,0.000110866,0,0.004101086,0.002994873,0.000290994,0.015062569,0.007713078
1697,0.004024474,0.004024474,0.005623539,0.000873188,0.004855788,0.000733273,0.00215714,0.001562907,0.005108126,0.002049965,0.001615845,0.005044209,0.001561475,0.006916579,0.010850826,0.004873254,0.005397463,0.005260758,0.005260758,0.001625997,0.004180155,0.005682515,0.001774652,0.000270844,0.00155074,0.008082617,0.00246487,0.000379054,0.000730175,0.002984387,0.004689548,0.00435217,0.002496757,0.00389577,0.008796071,0.001864541,6.53E-05,0.001007398,0.000979861,0.000847245,0.012799856,0.002841295,0.001087342,0.001013709,0.002104073,0.002979894,0.004287209,0.003044441,0.002422107,0.00544841,0.003442738,0.003788313,0.006597681,0.001835128,0.002816644,0.007580271,0.000287787,0.002924833,0.002269065,0.002017446,0.001112261,0.000230705,0,0.000855278,5.21E-05,0.003033827,0.001274892,0.000704756,0.00110906,0.003173423,0.000932712,0.002501593,0.002689498,0.004432155,0.00917251,0.000496607,0.002457679,0.005789665,0.000519685,0.000222319,0.003881529,0.003147155,3.38E-05,0.017667884,0.007760365
1696,0.005801329,0.005801329,0.007240002,0.002199401,0.005572256,0.000613953,0.002316382,0.002491775,0.00560877,0.000840557,0.000533458,0.004769927,0.001058803,0.006851563,0.010159207,0.005273494,0.006011777,0.006425783,0.006425783,0.002177843,0.005655346,0.006521744,0.00152113,0.00110763,0.002792485,0.007717595,0.005336375,0.002321706,0.00130928,0.004930727,0.005572083,0.004501509,0.003131802,0.005160956,0.010444232,0.004000772,0.001589274,0.002074642,0.002536752,0.002076876,0.015665959,0.002332406,0.002528203,0.003716934,0.002683766,0.003845024,0.004325832,0.005263271,0.003405518,0.006015147,0.005057474,0.004610184,0.005050077,0.002510747,0.003053156,0.007648117,0.001137762,0.003969416,0.001361439,0.001361366,0.001238178,0.000968962,0.000642044,0.002120125,0,0.002100342,0.002524287,0.001639323,0.002251934,0.004250872,0.002256156,0.002612039,0.003810121,0.005367976,0.009825765,0,0.002854079,0.007681001,0.001001259,0.000922212,0.003697937,0.004873014,0,0.019464677,0.007836751
1695,0.007177429,0.007177429,0.008282751,0.003969542,0.006307652,0.000423042,0.002499215,0.003583893,0.006288401,0,0,0.004465636,0.000628051,0.006723874,0.009259311,0.005602493,0.006646132,0.007500952,0.007500952,0.003496602,0.007265182,0.007065584,0.001436623,0.002469934,0.004541889,0.008082617,0.008926451,0.00350625,0.001384815,0.007032773,0.006662273,0.004736185,0.004385608,0.007202791,0.011554758,0.006589821,0.003374486,0.003396229,0.003353303,0.003681393,0.017848811,0.002213665,0.00300492,0.005502993,0.003542572,0.004517903,0.003772229,0.006243684,0.004607466,0.006710689,0.006778843,0.005894357,0.004764992,0.003323316,0.002816644,0.007512424,0.00271055,0.005713416,0.000244361,0.00049206,0.001427052,0.002392743,0.001703556,0.003637942,0.000234569,0.000280046,0.002677274,0.002604532,0.003503008,0.005446166,0.002609074,0.002871586,0.004303196,0.006823698,0.009654033,0.000520254,0.003559671,0.009606354,0.001780786,0.002169669,0.003573292,0.00543138,0.000162415,0.020236416,0.00788361
1694,0.007745928,0.007745928,0.008422731,0.006049374,0.007046673,0.000388331,0.00284108,0.004766555,0.007278275,0.000143478,0.000694235,0.004256139,0.000318833,0.006653294,0.008250748,0.005980282,0.007145425,0.008406327,0.008406327,0.005758345,0.009019319,0.007282743,0.001464792,0.004438605,0.00668646,0.007926179,0.012761623,0.005970102,0.002026865,0.008953161,0.007717854,0.005130867,0.00584024,0.009407471,0.012286295,0.009519814,0.005050844,0.005022031,0.003451289,0.005375884,0.019330666,0.002222147,0.003117403,0.006420158,0.005496354,0.004710155,0.003836601,0.008204511,0.006310225,0.007367589,0.008332646,0.007435366,0.003706105,0.003779815,0.002064106,0.007463082,0.004477427,0.007757166,0.000418904,0.000262432,0.001605434,0.004264751,0.003706732,0.00570386,0.001316192,0.000280046,0.002881257,0.004182573,0.004923146,0.007037086,0.002684699,0.003688884,0.005916895,0.007317604,0.009219652,0.000591198,0.004471391,0.011296991,0.002605352,0.00357769,0.003500712,0.006903436,0.000514316,0.019751303,0.007839747
1693,0.007677951,0.007677951,0.007957348,0.008064408,0.007789318,0.000229961,0.003104588,0.005985123,0.008329368,0.001091079,0.002231037,0.003844996,6.46E-05,0.006654758,0.007193511,0.006261356,0.007484386,0.009067359,0.009067359,0.008460855,0.010625936,0.007224683,0.002619724,0.006746842,0.009063588,0.008473711,0.016426899,0.009049917,0.002530434,0.010328575,0.008461952,0.005717557,0.00746856,0.010923189,0.012947323,0.012140826,0.007445641,0.006962021,0.005868279,0.006957908,0.019849759,0.002366332,0.005618825,0.008351033,0.006419569,0.005895704,0.003939597,0.008359313,0.007894611,0.007792643,0.010282515,0.008488388,0.002077048,0.004564994,0.002752141,0.007765306,0.006237612,0.009319499,0,0.001213748,0.002235016,0.006571803,0.005641423,0.008004678,0.0025151,0.002147016,0.003212729,0.005438876,0.006532636,0.008644842,0.003100638,0.004903786,0.006051369,0.00781151,0.008775169,0.003689077,0.005890502,0.012327701,0.003627399,0.005656785,0.003546545,0.006446591,0.000954191,0.018084984,0.007733191
1692,0.00739218,0.00739218,0.007365375,0.009545096,0.008557335,0.000199589,0.003378416,0.007192317,0.009156339,0.002323702,0.003833427,0.003173314,0,0.006831356,0.006194004,0.006634827,0.007752767,0.009460803,0.009460803,0.010519348,0.012042388,0.006987919,0.004788744,0.008780192,0.01107187,0.007378647,0.01856869,0.010187079,0.0008183,0.011210915,0.007492894,0.006485587,0.007473988,0.012564173,0.012303923,0.012582989,0.00840356,0.00831353,0.012052292,0.007580221,0.019153198,0.000890555,0.011821494,0.008495849,0.005324593,0.003877066,0.003154253,0.006759691,0.009588265,0.007470633,0.010236815,0.008989216,0,0.003250276,0.000946048,0.007086844,0.007201363,0.010618416,0.001012352,0.003231194,0.000619089,0.009010687,0.008449294,0.00996218,0.002006868,0.001400228,0.002677274,0.005025215,0.007242706,0.010050576,0.00420981,0.005660338,0.007127168,0.007161634,0.00827681,0.00879703,0.007634662,0.01173921,0.002865195,0.007686475,0.003828165,0.008933859,0.000588756,0.01576352,0.00759454
1691,0.007054665,0.007054665,0.00679937,0.010375395,0.009308035,0.000594428,0.00374956,0.008325692,0.009665802,0.003702705,0.005298922,0.002503034,0.000123072,0.007274752,0.005383531,0.007070903,0.007974312,0.009552361,0.009552361,0.011675035,0.013149049,0.006704029,0.005126773,0.010829712,0.012656141,0.006205364,0.019000391,0.011324241,0.000239195,0.011626134,0.006662273,0.006346915,0.007294872,0.013428508,0.011651709,0.01193839,0.00990575,0.009764782,0.015285834,0.007902624,0.017147814,0.000483444,0.015308486,0.009461286,0.005260182,0.003588689,0.002729394,0.008359313,0.010717367,0.007084221,0.011013716,0.009554253,0.001466151,0.002729866,2.15E-05,0.00701283,0.007797014,0.012217083,0.003490868,0.006478791,0,0.010876103,0.010923301,0.011648643,0.002371753,0.002427062,0.002651776,0.004443026,0.00852083,0.011498397,0.006125651,0.006864196,0.009009817,0.006667728,0.008057935,0.013195545,0.008586022,0.010735713,0.002678108,0.010189623,0.004270396,0.009492225,0.000744404,0.013133683,0.00744241
1690,0.006501047,0.006501047,0.00607472,0.010513159,0.009946775,0.000928523,0.004187054,0.00930407,0.01000458,0.005539549,0.007043927,0.002006353,0.000519979,0.00794424,0.004763225,0.007579514,0.008015702,0.009398158,0.009398158,0.012781091,0.01408432,0.006522498,0.006140859,0.012317332,0.01377638,0.006022853,0.018003302,0.014404056,0,0.011353647,0.005814348,0.005589552,0.006643545,0.013516194,0.010946613,0.010505357,0.010580648,0.010931769,0.013380548,0.007812651,0.014405938,0.000542814,0.013915832,0.009171655,0.005109891,0.001922512,0.003643484,0.008204511,0.011819152,0.006556124,0.011638284,0.010042239,0.004276274,0.002373797,0,0.006864802,0.008399359,0.013452416,0.006877011,0.009906809,0.00058761,0.012174644,0.012652539,0.012630406,0.003414281,0.002427062,0.003008746,0.004872008,0.010292622,0.012718944,0.008243161,0.008454613,0.010802815,0.006641733,0.008004059,0.016009648,0.008332326,0.009861481,0.002802833,0.012482803,0.004790789,0.010101352,0.00150911,0.010531144,0.007296913
1689,0.005757026,0.005757026,0.005221452,0.010108407,0.010396631,0.001338548,0.004699535,0.010057424,0.010283177,0.007825206,0.009176075,0.001684675,0.001239565,0.008524698,0.004393079,0.007990548,0.007907217,0.009050068,0.009050068,0.013480647,0.014663936,0.006547004,0.007605652,0.013655382,0.014644952,0.005371029,0.015972917,0.016867908,0.000453212,0.011405549,0.005745129,0.005226871,0.006003072,0.012514066,0.010162194,0.008619507,0.010254084,0.011779579,0.01218294,0.008607412,0.012107732,0.001221333,0.012876697,0.007385596,0.00493813,0.001858428,0.005111177,0.006243684,0.012702402,0.006517483,0.012003885,0.010286232,0.0078602,0.002748126,0.001720088,0.006877137,0.009737902,0.014542416,0.009215893,0.012809964,0.001552969,0.013374311,0.013825338,0.013606146,0.004170115,0.00382729,0.004589612,0.006005745,0.011841249,0.013409185,0.011179944,0.010138908,0.012371689,0.006875688,0.00790304,0.016719086,0.008340254,0.009065487,0.003315588,0.01424077,0.005420247,0.012740901,0.002632484,0.008159942,0.007163397
1688,0.00515065,0.00515065,0.004633536,0.009307443,0.010699488,0.00196118,0.005347457,0.010565235,0.010386937,0.009942235,0.011050913,0.001386835,0.002232217,0.009007338,0.004305919,0.008325592,0.007825744,0.008603333,0.008603333,0.014306644,0.014837741,0.006799225,0.009295796,0.014617484,0.015109345,0.005709977,0.01355818,0.016157181,0.001900973,0.011042232,0.005572083,0.005397544,0.005813101,0.011060982,0.009792019,0.007090583,0.009949292,0.012148626,0.013892253,0.009717079,0.010204391,0.002281517,0.014435399,0.006516702,0.004766369,0.003268271,0.00632138,0.007327299,0.013330693,0.006865254,0.012003885,0.010093606,0.011647757,0.003670255,0.002709139,0.00701283,0.011524857,0.014478832,0.011868953,0.016041158,0.003042979,0.01404006,0.015100865,0.014244592,0.005629655,0.006394374,0.005762513,0.007537823,0.013491314,0.013745888,0.014381416,0.011613357,0.013581962,0.008422393,0.008091608,0.015560338,0.009259902,0.008497406,0.004032753,0.01509711,0.006056717,0.012537859,0.003911506,0.006395768,0.007101561
1687,0.005143886,0.005143886,0.004730914,0.008380598,0.01088072,0.002657572,0.005951355,0.010844453,0.010214695,0.011150031,0.011851099,0.001269045,0.003494858,0.009296395,0.004485898,0.008765985,0.007834676,0.008179558,0.008179558,0.014294827,0.014572743,0.007258802,0.010985941,0.015054068,0.015051296,0.007013625,0.011143442,0.016915289,0.00390266,0.010263697,0.006056612,0.005610886,0.005655697,0.009056727,0.009862528,0.005684187,0.009448562,0.01203891,0.016494329,0.01074427,0.008793523,0.003918442,0.016588657,0.006227071,0.005431943,0.00291581,0.007660328,0.006398486,0.013512806,0.007496393,0.01153165,0.00997803,0.01343972,0.004939324,0.00371969,0.0072102,0.01283663,0.013788499,0.012811487,0.017582946,0.004763837,0.014626711,0.015837075,0.014696324,0.006997974,0.007234511,0.007317882,0.009161826,0.014668,0.013619624,0.017053511,0.01287796,0.014299162,0.009865118,0.009290365,0.01541845,0.009632517,0.008514414,0.00492661,0.014870674,0.006694485,0.014365239,0.004919836,0.00530594,0.007140503
1686,0.005777656,0.005777656,0.005466924,0.007759916,0.010939519,0.003557892,0.00646173,0.010925631,0.009772157,0.011267393,0.011476065,0.001710476,0.004938261,0.009378397,0.004976031,0.008988341,0.007904385,0.007860664,0.007860664,0.014141208,0.014086466,0.007838647,0.012450733,0.015215766,0.01463017,0.007769741,0.009193827,0.014688346,0.006710058,0.009809551,0.006281572,0.005760225,0.005916228,0.007804067,0.009933038,0.004874443,0.00890429,0.011724721,0.015579792,0.011718977,0.007932805,0.00614907,0.015699501,0.006178799,0.005689585,0.003652773,0.009488507,0.008307712,0.012693296,0.008307859,0.01134885,0.009939505,0.014905871,0.006336212,0.004601235,0.007734466,0.013499209,0.012998249,0.01193877,0.017254906,0.006998853,0.014587161,0.015879878,0.014997478,0.007975344,0.008681413,0.009026237,0.010571337,0.015465983,0.013257669,0.018137474,0.014247486,0.012595813,0.011047893,0.010627181,0.011942204,0.009355038,0.008977043,0.005993696,0.013722026,0.0072859,0.01538045,0.005264968,0.004911049,0.00729841
1685,0.006562259,0.006562259,0.006390385,0.007574993,0.010804603,0.004479907,0.006947881,0.010840439,0.009321837,0.010840828,0.010651661,0.002322423,0.006368203,0.009057125,0.00561558,0.009145932,0.007960806,0.007681517,0.007681517,0.014102213,0.013297641,0.008456193,0.012338057,0.01466195,0.014110612,0.008943024,0.008049125,0.014119765,0.009353795,0.009186722,0.006973756,0.006304247,0.006752099,0.006914679,0.010435419,0.005135479,0.008468872,0.010996601,0.011431713,0.012813648,0.007453642,0.008634143,0.011607239,0.006854605,0.005474884,0.005222824,0.010402596,0.007998108,0.011491348,0.009196606,0.010769983,0.00997803,0.016086937,0.008143949,0.00724587,0.008240229,0.012635848,0.011771999,0.0124624,0.015778726,0.009013515,0.013862088,0.015075183,0.014840878,0.008978778,0.010408361,0.010658099,0.012333227,0.015851449,0.01304723,0.017771952,0.014987471,0.012595813,0.012555605,0.011576758,0.007520042,0.008411606,0.009650576,0.007261727,0.011848782,0.007763966,0.015634253,0.005887561,0.004833319,0.007526071
1684,0.007140566,0.007140566,0.007103674,0.007856462,0.010440529,0.005436633,0.007520183,0.010639277,0.009003811,0.010433285,0.010089949,0.003096189,0.007754685,0.008530555,0.006319649,0.009161476,0.008094125,0.007691438,0.007691438,0.014753321,0.012291829,0.00905847,0.011971859,0.013651339,0.013675785,0.011498174,0.007823526,0.01075566,0.01155691,0.008940186,0.00747559,0.00621891,0.007577115,0.006501302,0.010981868,0.005929241,0.0079246,0.010403134,0.007490494,0.01380335,0.007551249,0.010678179,0.007686381,0.007916586,0.006763091,0.00736963,0.011445431,0.010320139,0.010526148,0.009544377,0.010587182,0.010093606,0.017023645,0.010125157,0.009417481,0.008955698,0.011645326,0.010291416,0.01089151,0.014154928,0.011070149,0.012767886,0.013756854,0.014045831,0.009904022,0.012088634,0.011983987,0.013558889,0.015817636,0.01273578,0.016070382,0.015213885,0.012371689,0.013738379,0.012176136,0.002601272,0.00827683,0.010449972,0.008540151,0.009650294,0.008132838,0.015177408,0.00609058,0.004914287,0.007813857
1683,0.007527456,0.007527456,0.007654261,0.008416431,0.009914153,0.006297903,0.008000858,0.010365188,0.008753229,0.009968674,0.009636208,0.003655691,0.008963866,0.007791365,0.006969386,0.008970639,0.008221563,0.007813043,0.007813043,0.015663217,0.011189459,0.009563289,0.011070449,0.012458818,0.013238074,0.01288004,0.008246871,0.009239444,0.013734846,0.009121844,0.007094888,0.00691227,0.008619239,0.006463722,0.011554758,0.007234419,0.008294705,0.009934345,0.006826366,0.014320695,0.007848508,0.012857918,0.006732949,0.009026839,0.007407195,0.008555179,0.011896038,0.012280966,0.009397046,0.00995655,0.010754749,0.010286232,0.017064372,0.012042454,0.010922558,0.009251754,0.011049674,0.009101499,0.010437697,0.012760758,0.012832979,0.011634134,0.01207898,0.013130322,0.010646824,0.011528543,0.014227798,0.014845835,0.015655335,0.012087627,0.014129332,0.015147617,0.009995966,0.01394634,0.012556641,0.000425663,0.00831647,0.011361623,0.009676528,0.00766589,0.008379012,0.014060676,0.006137952,0.004874729,0.008117689
1682,0.008066871,0.008066871,0.008283156,0.009150741,0.009308841,0.006790367,0.008292802,0.010045827,0.008367241,0.008988508,0.008683653,0.004216595,0.009979209,0.006893736,0.007605539,0.00870079,0.008245961,0.008009198,0.008009198,0.016280056,0.010019766,0.009915795,0.009831009,0.011775644,0.012808655,0.014053324,0.009188257,0.007817991,0.015585462,0.009290527,0.006748796,0.007722969,0.009569092,0.007415743,0.012004257,0.008816616,0.00766335,0.009789718,0.008481242,0.013968301,0.00831436,0.014927399,0.008179167,0.012598957,0.009382447,0.01028544,0.011741544,0.013828987,0.009469891,0.009789105,0.010648116,0.010555908,0.016249843,0.013293263,0.011524589,0.009412118,0.011129987,0.008247666,0.010996236,0.011071351,0.014144608,0.011568219,0.011188679,0.012395506,0.01110293,0.010968452,0.014737755,0.0153361,0.014769439,0.011060684,0.013070577,0.014810758,0.007799543,0.013764374,0.013169488,0.002577624,0.009117198,0.012055567,0.01089259,0.006191997,0.008432376,0.012334817,0.005955234,0.005045455,0.008470949
1681,0.008867708,0.008867708,0.00900456,0.009998864,0.008719235,0.00717002,0.008287115,0.009689222,0.007851551,0.007456031,0.007159633,0.004790961,0.010835329,0.005910004,0.008215657,0.008289756,0.008346386,0.008231715,0.008231715,0.016541208,0.008644084,0.010084508,0.008450724,0.011326933,0.012161101,0.015982722,0.01059755,0.006633447,0.016806617,0.009524088,0.006627664,0.008576335,0.010187854,0.008280078,0.012347991,0.010430776,0.008294705,0.009989203,0.009428442,0.013061074,0.008908877,0.015817954,0.008720159,0.01370921,0.010541835,0.012239994,0.012192152,0.014912601,0.009879646,0.00962166,0.01112035,0.010902635,0.014620786,0.014142352,0.013029666,0.009449125,0.011672097,0.007430166,0.012532218,0.010530085,0.014847641,0.011185907,0.010478151,0.011479997,0.011168088,0.010781755,0.015757668,0.016270667,0.013890306,0.009612862,0.012364741,0.014468377,0.008113317,0.012516612,0.01317959,0.005297136,0.009577021,0.012531802,0.011869597,0.00529037,0.008305394,0.012081014,0.006056744,0.005432713,0.008821854
1680,0.009502154,0.009502154,0.00945209,0.01078943,0.00826213,0.007393473,0.008294487,0.009317675,0.007464525,0.006043819,0.005854243,0.005335879,0.011303002,0.00475114,0.008719373,0.007495753,0.008249228,0.008461602,0.008461602,0.016270602,0.007248285,0.010069239,0.007126777,0.011031834,0.011663177,0.016113087,0.012229656,0.005827957,0.017813755,0.00990038,0.005900871,0.008949683,0.010730627,0.009169466,0.012621216,0.012236717,0.009143769,0.010487915,0.008045749,0.012071371,0.009152895,0.016216583,0.00724716,0.016702066,0.011636811,0.014098422,0.01198616,0.015480209,0.010507937,0.009518616,0.011318383,0.011326412,0.012217927,0.014489291,0.013115671,0.009350439,0.011993347,0.007230333,0.013090757,0.010776115,0.014784683,0.010909061,0.009699138,0.010504258,0.010959582,0.008681413,0.01608914,0.016852857,0.013132898,0.008324974,0.010310253,0.013883015,0.006454794,0.011502806,0.01257011,0.008915269,0.009799005,0.012654263,0.012749597,0.005022764,0.008029227,0.011421127,0.006374808,0.005876648,0.009129111
1679,0.009622888,0.009622888,0.009415168,0.011524111,0.007970952,0.007204732,0.007835508,0.008918027,0.007476976,0.005428313,0.005474163,0.005813208,0.011322616,0.003563574,0.009028394,0.006519116,0.007879115,0.008679867,0.008679867,0.016561297,0.006053112,0.009899395,0.006056352,0.010833754,0.011579529,0.016895276,0.013856192,0.005543666,0.017826344,0.010276672,0.005347123,0.008458998,0.010904315,0.009457578,0.01272698,0.013776295,0.010036376,0.010976653,0.006205787,0.01104418,0.009223882,0.015987583,0.005367076,0.016653794,0.012560027,0.015540306,0.010569965,0.015480209,0.010526148,0.009029161,0.011866784,0.011313571,0.011403399,0.013868452,0.011868607,0.008832341,0.012060275,0.007366583,0.014103109,0.010202045,0.013976719,0.010533341,0.009091337,0.008865979,0.010594697,0.006814443,0.014533772,0.016316629,0.011996788,0.007121262,0.007121385,0.013154074,0.006947869,0.010787942,0.011277069,0.009624707,0.009870357,0.012280078,0.01319999,0.005286253,0.007702812,0.010507436,0.006530456,0.006306472,0.009375387
1678,0.009233969,0.009233969,0.009003343,0.012170601,0.007879933,0.006794706,0.007323448,0.008523732,0.007806934,0.005566955,0.005949431,0.005869018,0.010807253,0.002506919,0.009111026,0.005556727,0.007217312,0.008834637,0.008834637,0.016152434,0.005081095,0.009580631,0.005436632,0.010785245,0.011555732,0.015774139,0.015148508,0.007817991,0.017788577,0.010510233,0.004326151,0.008117651,0.010475524,0.009683056,0.012233413,0.014570057,0.010798356,0.01163994,0.005117053,0.009897025,0.009179515,0.01499525,0.004552909,0.017908863,0.012345326,0.016245227,0.009321138,0.016925028,0.010125499,0.008191935,0.011942951,0.010838426,0.009977974,0.012681554,0.01055704,0.008277236,0.012107124,0.008283999,0.014277652,0.010661301,0.012025015,0.010230128,0.009091337,0.007438508,0.010490445,0.005460889,0.012315459,0.015994893,0.01092154,0.006742472,0.005432419,0.012403044,0.007665068,0.009202245,0.009445261,0.009009861,0.010179549,0.011388837,0.012940148,0.005969678,0.007424957,0.009492225,0.00674701,0.006495705,0.009538002
1677,0.008612712,0.008612712,0.008432468,0.012455784,0.007919804,0.006005028,0.006424657,0.008121408,0.008179434,0.006081542,0.006663847,0.005685322,0.009749988,0.001623933,0.008972929,0.004330534,0.006374919,0.008877156,0.008877156,0.015638402,0.004080915,0.009133872,0.005464802,0.010655887,0.011470281,0.014157615,0.015496654,0.008291808,0.016252691,0.009939307,0.002128467,0.008309658,0.00916744,0.009357365,0.011563572,0.014106585,0.011255545,0.012198497,0.007044113,0.008247521,0.009059725,0.013248066,0.006593683,0.018295038,0.010842416,0.015892767,0.007119599,0.014861001,0.009478997,0.007019819,0.012201918,0.009849613,0.009692889,0.010965116,0.009223972,0.007197865,0.012267749,0.009255916,0.013719113,0.01154701,0.009527674,0.009795084,0.009176943,0.006294122,0.009825833,0.004900798,0.009638186,0.014309607,0.009717804,0.006986581,0.004499707,0.011679625,0.006678919,0.00755156,0.006973667,0.010452385,0.010346037,0.009946523,0.012070542,0.007180082,0.007266424,0.008527774,0.006936494,0.00690494,0.009617383
1676,0.007951548,0.007951548,0.00784009,0.012423664,0.007990283,0.004987557,0.005797589,0.007723991,0.008452324,0.006537126,0.007114561,0.00519425,0.008400812,0.001112885,0.008611838,0.003188534,0.005234082,0.008748181,0.008748181,0.014078579,0.003152886,0.008605678,0.004732405,0.01077716,0.011367523,0.010924569,0.014421581,0.009002535,0.013709667,0.00913482,0.000311483,0.007957645,0.006648972,0.009156939,0.010303213,0.012348589,0.011233774,0.012582506,0.010985332,0.00595321,0.008988737,0.010415253,0.010787716,0.015640085,0.009081866,0.014162506,0.00477644,0.014241792,0.008741438,0.005499931,0.012460885,0.008488388,0.010751776,0.00787005,0.005826798,0.005409192,0.012435067,0.010954499,0.013928565,0.012006266,0.006064973,0.009538013,0.009801865,0.00539066,0.008522672,0.002753782,0.006705933,0.012042132,0.008209752,0.007845173,0.004323248,0.010961728,0.008113317,0.006420775,0.004892679,0.013337432,0.010108197,0.007963341,0.010012591,0.008538698,0.007343419,0.007766366,0.006699639,0.007265132,0.009605401
1675,0.007315749,0.007315749,0.007266781,0.012225372,0.008017266,0.004130626,0.005196851,0.007285315,0.008522881,0.006768948,0.007188223,0.004847892,0.006810492,0.001211873,0.007970025,0.002111729,0.003906555,0.008429004,0.008429004,0.012059082,0.002475371,0.00801622,0.004507053,0.011343103,0.01116994,0.008916951,0.012675283,0.010092315,0.013546007,0.008888283,0,0.007157613,0.004781832,0.008305131,0.009897783,0.010926211,0.011799817,0.013500136,0.01287973,0.00412376,0.008829017,0.009388994,0.012812421,0.012357598,0.008459232,0.014386799,0.004029719,0.013054976,0.00877786,0.005061998,0.01343582,0.007602309,0.011810663,0.006884011,0.004859248,0.004669052,0.013024026,0.012117166,0.015080552,0.01212108,0.004784823,0.009129335,0.010118607,0.005258152,0.008731177,0.001866971,0.005176063,0.011751037,0.008304428,0.009023632,0.004184601,0.010972773,0.010040791,0.006641733,0.004239424,0.015749521,0.008538454,0.007180954,0.009458261,0.010033176,0.007579465,0.007360282,0.007782408,0.007624166,0.009524094
1674,0.006782083,0.006782083,0.006757579,0.012056973,0.007972563,0.003288881,0.004495638,0.006785087,0.008410301,0.006663838,0.006869696,0.004873694,0.005259786,0.002205269,0.006972782,0.001211513,0.002570314,0.007921892,0.007921892,0.009917871,0.001861691,0.00743449,0.004929589,0.011634159,0.010756025,0.007456866,0.010812008,0.011703295,0.013193509,0.008758527,0.00064027,0.00614424,0.002979825,0.007691328,0.009280824,0.009615705,0.011952213,0.013963938,0.012161165,0.003141556,0.008762466,0.00787081,0.012292854,0.01086117,0.007106614,0.013810045,0.003411743,0.009288125,0.009069242,0.004662705,0.013816654,0.006793279,0.013154635,0.005907102,0.003784193,0.003497163,0.013840537,0.011980916,0.015429639,0.012908376,0.003829957,0.008865672,0.010435348,0.00609536,0.009408821,0.000560091,0.004283638,0.011659113,0.008581693,0.00941084,0.003819079,0.011094263,0.012326864,0.007317604,0.004465032,0.016175184,0.006936998,0.006885008,0.008581726,0.010749538,0.008000662,0.009492225,0.008932851,0.007929762,0.009441717
1673,0.006389105,0.006389105,0.006340885,0.012311893,0.007839257,0.002553438,0.004042346,0.00622732,0.008116659,0.006125714,0.006095072,0.004863317,0.003883688,0.003866396,0.005693684,0.000574238,0.001452786,0.007275884,0.007275884,0.007591136,0.001436568,0.006909124,0.005014096,0.011715008,0.010663002,0.005423175,0.009555899,0.01317213,0.012841011,0.008823405,0.001349759,0.00468285,0.001791152,0.007202791,0.008593356,0.009269433,0.010689502,0.014068668,0.010822022,0.00296161,0.008868947,0.006530737,0.010637738,0.008978567,0.005195772,0.01406638,0.002433281,0.007894907,0.009096559,0.00448238,0.013511987,0.005637523,0.014376428,0.005167573,0.002967152,0.002380785,0.014335798,0.010763749,0.014626739,0.013548054,0.002822626,0.009307308,0.010717848,0.008366063,0.009838864,0.000793462,0.003263724,0.011858283,0.008703419,0.009301412,0.004398873,0.011066652,0.012282039,0.007850503,0.005034105,0.014401589,0.005034279,0.006932631,0.007528498,0.010506634,0.008578574,0.009492225,0.009670488,0.008224717,0.009360195
1672,0.005998833,0.005998833,0.005855622,0.012972121,0.007622182,0.001904774,0.003930287,0.005679589,0.007681384,0.005243242,0.005009321,0.004926699,0.002836808,0.00639323,0.004214232,0.000155865,0.000518463,0.006598128,0.006598128,0.005830427,0.001171034,0.006496672,0.005971845,0.011581607,0.01076612,0.003128755,0.00907685,0.011940204,0.012702529,0.008940186,0.002163076,0.002656104,0.001204957,0.007653748,0.008328945,0.009658323,0.010319397,0.013719569,0.008840525,0.002796659,0.00879796,0.004859886,0.008596963,0.007289052,0.00322052,0.013745961,0.001261701,0.006862893,0.009205827,0.00416037,0.013908054,0.004391874,0.015068777,0.004355004,0.001505077,0.001498784,0.01315788,0.008265833,0.014312561,0.013220014,0.002360932,0.01002579,0.011077392,0.010829504,0.010568634,0.000793462,0.002320304,0.01159783,0.008973922,0.008922622,0.005923984,0.011166053,0.014030212,0.008357406,0.005683993,0.010570625,0.002782727,0.007589156,0.006416373,0.009432091,0.009176352,0.009542986,0.010117131,0.008426674,0.009241871
1671,0.005369798,0.005369798,0.005113931,0.013732795,0.007306437,0.001340718,0.003571782,0.005221288,0.007222763,0.004403008,0.004027504,0.005421136,0.002371827,0.009523951,0.00268837,0,9.82E-05,0.006017883,0.006017883,0.004986705,0.001072866,0.006261982,0.006281705,0.011876705,0.011022834,0.002320493,0.009213323,0.012650931,0.012803243,0.008966137,0.003737795,0.001322718,0.000640472,0.007453323,0.008143857,0.010494703,0.009840438,0.013315612,0.007022338,0.00312656,0.008789086,0.003604627,0.007225734,0.006371886,0.002490535,0.012720622,0.001235952,0.004179656,0.009378834,0.003799718,0.013496753,0.003261801,0.014824418,0.004373264,0.000494525,0.000721637,0.010835508,0.006340166,0.012811487,0.011071351,0.002423891,0.011245231,0.011137316,0.013070091,0.01142872,0.000560091,0.002626278,0.011000319,0.00931205,0.008964709,0.007461699,0.011143964,0.013088888,0.008188438,0.006552755,0.007472746,0.000840368,0.008881796,0.005394327,0.008065241,0.009735178,0.009796789,0.010353987,0.008520596,0.009063851
1670,0.004516203,0.004516203,0.004177892,0.014292579,0.007014454,0.001091232,0.003206536,0.004963256,0.006921339,0.004017068,0.003588225,0.006021584,0.002633739,0.013221364,0.001299473,0.000239194,0,0.005658737,0.005658737,0.005104873,0.001178275,0.006231633,0.005971845,0.01209904,0.011627122,0.001772961,0.009778712,0.012745694,0.012475923,0.009498136,0.00571052,0.00025601,0.000276814,0.007891754,0.008046907,0.01193839,0.009121999,0.01288672,0.006467083,0.003531438,0.008820143,0.002315443,0.007065043,0.004054837,0.001009096,0.01268858,0.00117158,0.004798865,0.009078347,0.003451948,0.013115919,0.002401405,0.013928437,0.004355004,0.000129007,0.000197371,0.008379281,0.005440916,0.011834044,0.009365543,0.002969528,0.012464673,0.011531103,0.014798716,0.012275775,0,0.001861343,0.010801149,0.009636653,0.010025323,0.009012018,0.011287543,0.013581962,0.008422393,0.007027543,0.00524984,0,0.010334315,0.004583619,0.006817784,0.010261674,0.010405915,0.010550239,0.008763731,0.008871281
1669,0.003745804,0.003745804,0.003433361,0.014309289,0.006906923,0.001251771,0.00307236,0.005045996,0.006947279,0.00436593,0.00391617,0.006730286,0.003869073,0.017331717,0.000264875,0.000975342,0.000566606,0.005678296,0.005678296,0.00589542,0.001387484,0.00647933,0.005014096,0.011670541,0.012219871,0.001694742,0.010280041,0.014261911,0.012274495,0.00990038,0.006991061,0,0,0.007829121,0.008399454,0.013360769,0.009274395,0.012492738,0.006826366,0.00425872,0.009215009,0.000814222,0.00723109,0.004682371,0,0.012304077,0.000540729,0.003766851,0.009151193,0.003117057,0.011546884,0.001399749,0.012665918,0.004802374,0.000559029,0,0.006137221,0.005004916,0.011764227,0.009463955,0.003934887,0.013460001,0.01207898,0.015955148,0.013513778,0.001586925,0.002549785,0.010280243,0.010137083,0.011633078,0.010524525,0.010823671,0.015374961,0.008357406,0.007209377,0.005037009,0.000586672,0.011535109,0.004216375,0.005990263,0.010811281,0.010659718,0.010976579,0.008775298,0.008735626
1668,0.003469502,0.003469502,0.003239012,0.013952624,0.007146551,0.001737727,0.003382208,0.005570087,0.007331712,0.005369632,0.004896306,0.007592115,0.006222055,0.021777984,0,0.002465771,0.001748179,0.006155928,0.006155928,0.006886852,0.001867324,0.007051257,0.004929589,0.010926731,0.012664433,0.002242274,0.010706171,0.014735728,0.012060479,0.010795696,0.00879074,2.13E-05,4.34E-05,0.008004493,0.008725561,0.014356966,0.008468872,0.012422918,0.008535679,0.004783562,0.009698608,0,0.008934414,0.006082255,0.000644104,0.012784705,0.000695223,0.006037282,0.009369729,0.002228309,0.010495782,0.001014497,0.011321946,0.005678853,0.000666534,0.000129525,0.005066386,0.005713416,0.0124624,0.010956537,0.005655745,0.014508062,0.01296072,0.016340625,0.014334769,0.002473736,0.003289222,0.009590808,0.010745714,0.013013559,0.012188282,0.010343233,0.014075037,0.008526374,0.007003972,0.00617211,0.002291191,0.012259668,0.004306453,0.006039667,0.011476834,0.010710479,0.011517964,0.008982576,0.008749962
1667,0.003827308,0.003827308,0.003697497,0.013053814,0.007774417,0.002755197,0.003564199,0.006544005,0.008076711,0.006787326,0.006302603,0.008805069,0.009605379,0.026354577,0.000721049,0.004455312,0.003641441,0.007105523,0.007105523,0.00857666,0.002866967,0.007955709,0.004507053,0.010110157,0.013061763,0.003076609,0.01076466,0.014404056,0.012438155,0.011353647,0.010642333,0.001365387,0.000781593,0.007415743,0.009404216,0.015251946,0.007815746,0.01252266,0.011638573,0.005120961,0.01007129,0.000237481,0.01123765,0.006082255,0.000815865,0.012304077,0.000952713,0.00665649,0.009142087,0.002125266,0.009353281,0.000706296,0.010181606,0.006774451,0.001333068,0.00051193,0.004852219,0.00667625,0.013858748,0.011563412,0.007450053,0.015272685,0.013902384,0.016443018,0.014699654,0.002380387,0.005099569,0.009498883,0.011408445,0.014368788,0.014217561,0.009680559,0.013895737,0.008201436,0.006704283,0.010334145,0.004019495,0.012599836,0.005203776,0.006797199,0.012320397,0.010710479,0.012330042,0.008819252,0.008878128
1666,0.00482159,0.00482159,0.004703323,0.012100233,0.008778437,0.004137134,0.003900587,0.007917124,0.009181241,0.008599666,0.008132369,0.010103562,0.013973278,0.03081783,0.002684974,0.007532452,0.006437875,0.008549192,0.008549192,0.010908122,0.004011179,0.009248484,0.003605642,0.009071248,0.013220406,0.00529281,0.010951266,0.013503802,0.012841011,0.011483403,0.013064977,0.002805443,0.00244248,0.006701727,0.009977106,0.016088326,0.00718439,0.012582506,0.012291814,0.005668296,0.010124531,0.001373999,0.01194469,0.009026839,0.002469065,0.01268858,0.00180243,0.007636903,0.008359,0.002138147,0.007510044,0.001104389,0.007208577,0.00786092,0.00253713,0.00159747,0.005106542,0.007157666,0.015953269,0.011809442,0.009454222,0.015958209,0.015494652,0.016430972,0.015116665,0.003593918,0.006527448,0.009315034,0.011969738,0.015597753,0.0164233,0.008752816,0.014792236,0.008630354,0.00688275,0.013904983,0.005565455,0.012368521,0.006863302,0.008024071,0.01346064,0.012842422,0.01304061,0.009061462,0.009092951
1665,0.006405339,0.006405339,0.006258114,0.011293328,0.010131228,0.006486645,0.004980105,0.009624101,0.010646338,0.010794076,0.010446821,0.011772251,0.019011919,0.034565324,0.005999309,0.011588388,0.010400633,0.010394808,0.010394808,0.013720529,0.005460085,0.010905075,0.003633811,0.00796766,0.013317395,0.006413947,0.01144424,0.014167147,0.01172057,0.01131472,0.014241691,0.004512176,0.004168499,0.00573718,0.00998592,0.017153778,0.006814285,0.011615004,0.010375641,0.006762967,0.010062417,0.002060999,0.010171734,0.008061402,0.003392281,0.012720622,0.000592227,0.008926921,0.006492339,0.000734183,0.005453541,0,0.004927897,0.00811656,0.001634084,0.001461777,0.006230919,0.00654,0.018222333,0.012219492,0.010545498,0.015780237,0.016393513,0.015925033,0.013839568,0.005740934,0.007521864,0.008610278,0.012132039,0.015816609,0.017708931,0.006665393,0.015016361,0.008565366,0.006862546,0.014709012,0.006659518,0.011616749,0.007802199,0.008415188,0.014996892,0.012436338,0.011768355,0.009516732,0.009326602
1664,0.008727358,0.008727358,0.008519702,0.010591325,0.011847286,0.009682239,0.006738929,0.011597583,0.012420123,0.013240622,0.013166917,0.014038022,0.02445439,0.037781561,0.010563312,0.016480208,0.015417309,0.01250376,0.01250376,0.017530277,0.007221731,0.01291191,0.003267613,0.007033855,0.01365271,0.008473711,0.012561091,0.012129731,0.011141465,0.011496378,0.015677973,0.007040275,0.008022189,0.006062871,0.010312027,0.018911774,0.006944911,0.010822052,0.007893326,0.008742372,0.010182208,0.005173701,0.007857785,0.008254489,0.006312219,0.013745961,0,0.010474941,0.004170394,0,0.003031438,1.28E-05,0.003543199,0.008801309,0.001698587,0.002726184,0.007991103,0.006776166,0.020212128,0.012104678,0.012014522,0.015345193,0.016590406,0.015154078,0.012366996,0.008448042,0.007980826,0.007537823,0.012253765,0.015774521,0.017696326,0.004589016,0.012819938,0.009254235,0.006835608,0.013171897,0.007872502,0.011120104,0.010279362,0.00948973,0.017205189,0.009644507,0.010746491,0.009852402,0.009624444
1663,0.011782238,0.011782238,0.011512431,0.01012883,0.013800556,0.013650157,0.009008338,0.013722941,0.014355774,0.015751975,0.016041398,0.016716899,0.030068008,0.039845084,0.016047585,0.022548136,0.021501627,0.014741403,0.014741403,0.022583157,0.009194732,0.015207914,0.004985927,0.00649621,0.013960622,0.010976715,0.014017732,0.012224495,0.011040751,0.0119635,0.017633393,0.010763088,0.013243667,0.007816594,0.010497115,0.020909497,0.006574806,0.010193675,0.006075139,0.01157652,0.010537143,0.009914846,0.005966989,0.009171655,0.008609523,0.015348055,0.001235952,0.012229365,0.001429589,0.000798585,0.001249135,0.001297015,0.004887171,0.010344277,0.002945651,0.005069961,0.010433945,0.00738475,0.022935006,0.011120557,0.014218059,0.014646485,0.016581846,0.014039808,0.011480847,0.013208817,0.009791173,0.006833067,0.011935925,0.015437819,0.01845258,0.002705918,0.012506163,0.009969098,0.006485409,0.009530116,0.00910927,0.011035061,0.013581092,0.01171292,0.020225497,0.009441465,0.010150967,0.010216758,0.009974708
1662,0.015041047,0.015041047,0.014811087,0.009923298,0.01580739,0.018563953,0.012238044,0.015850083,0.0163018,0.018465809,0.019101884,0.019765131,0.035454327,0.040802457,0.022103492,0.029250318,0.028188495,0.016918102,0.016918102,0.027264987,0.011457139,0.017684506,0.006985932,0.006419404,0.014229956,0.014470491,0.01518193,0.01208235,0.01138066,0.011937548,0.019450377,0.015669946,0.019263022,0.010472232,0.010435419,0.022688801,0.006770744,0.009929357,0.005966266,0.015310397,0.01119821,0.016072398,0.005575974,0.010378451,0.012645907,0.017174441,0.00426146,0.014138591,0,0.003258741,0.000213267,0.003980939,0.006923492,0.012325484,0.005955804,0.008406761,0.01416848,0.008383916,0.022760462,0.011415793,0.016558005,0.013967553,0.016556164,0.01308816,0.010229812,0.018949751,0.012417451,0.007231408,0.011820961,0.015286303,0.019700398,0.001248036,0.011564839,0.009982096,0.006485409,0.006124814,0.010242973,0.011222154,0.017596522,0.014981834,0.02390253,0.007055718,0.010428427,0.010817076,0.010271052
1661,0.017833491,0.017833491,0.017875226,0.009916799,0.017644269,0.0242197,0.016149163,0.017844306,0.018193353,0.02173679,0.022617121,0.023111484,0.040284131,0.040649582,0.028116384,0.035970201,0.035140694,0.018871433,0.018871433,0.031593495,0.013559957,0.020246869,0.010197207,0.0063143,0.014355428,0.018068559,0.015198641,0.009334207,0.011934586,0.011898622,0.02152693,0.021024822,0.025380077,0.012551646,0.010523556,0.023541163,0.007358557,0.010163752,0.009635301,0.018466948,0.011730613,0.022552246,0.008971909,0.009509558,0.016703762,0.018936744,0.008329802,0.015273806,0.00020943,0.006800852,0,0.00694738,0.009244898,0.014726671,0.010127018,0.012557714,0.018612444,0.009255916,0.023423727,0.012022668,0.019517041,0.013631383,0.016102453,0.012371413,0.008705114,0.024690686,0.016395115,0.007139483,0.011536933,0.015033775,0.018818102,0.000403127,0.011833789,0.010540989,0.007707737,0.005297136,0.011297397,0.011303794,0.021896046,0.0194488,0.028092426,0.007461803,0.011281108,0.011278362,0.010418047
1660,0.019973225,0.019973225,0.020475606,0.009761026,0.019181109,0.030441672,0.020814365,0.019555297,0.01980579,0.025193164,0.026127648,0.026327146,0.044212048,0.039690451,0.033477276,0.042578259,0.041499928,0.020455698,0.020455698,0.035157452,0.015192055,0.022754377,0.01287327,0.006128348,0.014222384,0.022422743,0.014020517,0.008813008,0.013004671,0.011833744,0.023672701,0.026646376,0.030992352,0.01521981,0.010320841,0.023306764,0.00816408,0.010777168,0.016929823,0.019981493,0.011681809,0.029167798,0.016470817,0.00878548,0.02119102,0.02041067,0.013749966,0.017647438,0.001884873,0.011386275,4.57E-05,0.010812743,0.011444125,0.017063948,0.014534743,0.017522822,0.023022944,0.010382249,0.023423727,0.012006266,0.022066848,0.013374311,0.015854196,0.012034121,0.006997974,0.029544809,0.019888319,0.007292691,0.011381394,0.014427711,0.016561947,0,0.013447488,0.011658776,0.012091954,0.006881548,0.013097053,0.01117453,0.026219823,0.02443451,0.032545375,0.005888225,0.012438319,0.011304734,0.010448645
1659,0.022048366,0.022048366,0.022865813,0.009414016,0.02036314,0.036984723,0.02616793,0.020857273,0.020859996,0.027894424,0.028631131,0.029980313,0.04693386,0.037981294,0.03776848,0.048163914,0.046864279,0.021535686,0.021535686,0.036504572,0.016467425,0.025002123,0.017126801,0.005453259,0.013430609,0.025760081,0.011920503,0.006254393,0.014439842,0.01175589,0.025506989,0.031851912,0.035605925,0.017762709,0.010241517,0.021756531,0.009013144,0.011480352,0.022613017,0.020626299,0.011011869,0.035367757,0.022582428,0.010426723,0.02451889,0.02143601,0.020689322,0.01630582,0.00487153,0.016808924,0.000335134,0.014973466,0.014742965,0.019793814,0.019522998,0.023024532,0.026724016,0.011472249,0.022725554,0.010710507,0.024700599,0.012708562,0.01532344,0.011913659,0.005421149,0.032718659,0.023585507,0.008426428,0.011137942,0.012895713,0.013423496,3.31E-05,0.015868035,0.011892731,0.01891746,0.007661929,0.015610228,0.011130309,0.030301079,0.029304944,0.036995727,0.007309521,0.014312864,0.011427112,0.010548567
1658,0.024448846,0.024448846,0.025146876,0.009054566,0.021133976,0.042850906,0.031250826,0.021667942,0.021196698,0.029024517,0.029336802,0.033579633,0.048365725,0.035599135,0.040734176,0.05243832,0.050694589,0.022062357,0.022062357,0.036205606,0.01755102,0.026859661,0.020845119,0.004123295,0.012468292,0.028888836,0.009614387,0.006491301,0.015925371,0.011184964,0.027445105,0.036268085,0.039155662,0.02099457,0.00950998,0.020030499,0.009731583,0.012004,0.024028372,0.021376074,0.009654241,0.040253087,0.024151842,0.012067967,0.027224127,0.021916638,0.027976289,0.016202619,0.008359,0.022205812,0.000792135,0.01885167,0.018815608,0.022058052,0.024296242,0.028180843,0.030023525,0.011681166,0.022760462,0.008660257,0.027019559,0.011383655,0.013859581,0.011630574,0.003766135,0.038039525,0.026823733,0.008947335,0.010874202,0.009848554,0.009629625,0.000756553,0.018647183,0.012295655,0.025146954,0.008962565,0.018702147,0.010885387,0.033807218,0.033055549,0.04106682,0.006954197,0.016329523,0.011397732,0.010854326
1657,0.026584861,0.026584861,0.026829069,0.008752673,0.021314805,0.047862327,0.036793754,0.021882485,0.020835612,0.028769802,0.02857126,0.036499699,0.048344188,0.032434442,0.041981579,0.054644604,0.052750797,0.021994893,0.021994893,0.034398812,0.018355937,0.028144518,0.024704283,0.003306721,0.011597196,0.031235402,0.007700979,0.005259376,0.017700452,0.010899501,0.028362249,0.039244202,0.041408171,0.02316167,0.008690306,0.018421666,0.01014523,0.011974077,0.022983187,0.022470745,0.008367601,0.043883159,0.022802039,0.011343889,0.028705566,0.023102187,0.035083014,0.017389435,0.012629557,0.026791234,0.002147903,0.022408832,0.021788637,0.024322289,0.028144939,0.033053434,0.03112113,0.011871916,0.023109549,0.005691495,0.029170631,0.01015103,0.01178792,0.010805412,0.001798362,0.040559936,0.029042046,0.009590808,0.010285859,0.007096009,0.006844092,0.002065333,0.02142633,0.012165679,0.029672598,0.010263201,0.021564154,0.010756123,0.036551153,0.034998782,0.044266565,0.006903436,0.01822437,0.011506923,0.011266426
1656,0.027473627,0.027473627,0.02727457,0.008381341,0.02078561,0.052151323,0.041821673,0.021498672,0.020004491,0.02792054,0.027309933,0.038553729,0.046926168,0.028760165,0.041327315,0.054382095,0.052693286,0.021351436,0.021351436,0.031734115,0.019081195,0.028791283,0.028366264,0.003448206,0.01103293,0.032330466,0.00619699,0.004690795,0.019072678,0.010964379,0.02960818,0.041740299,0.042406874,0.023963372,0.007994024,0.016802179,0.011320857,0.011575107,0.021077902,0.023400465,0.00704103,0.045664269,0.020970162,0.010474995,0.029671722,0.023262396,0.041636134,0.017079831,0.017118649,0.031106169,0.003625539,0.025657791,0.025046751,0.026276106,0.032531163,0.037488108,0.030177457,0.012580416,0.023493545,0.002886752,0.030849516,0.00889863,0.00943376,0.009275549,0.001016465,0.041820141,0.031234861,0.009606128,0.00983953,0.005168386,0.00510471,0.004252157,0.023936528,0.0125816,0.033144278,0.011492894,0.024418234,0.010677885,0.038169105,0.035476356,0.046184803,0.009238422,0.019889129,0.010951946,0.011613908
1655,0.026868603,0.026868603,0.026487842,0.007973989,0.019595928,0.055390306,0.045607884,0.020576271,0.018809171,0.026722094,0.025841411,0.039791644,0.044372426,0.024616133,0.038974001,0.051905099,0.050505503,0.020171954,0.020171954,0.028830718,0.020025854,0.028732469,0.03000007,0.004123295,0.010798931,0.033295165,0.005007725,0.005022467,0.020621152,0.010211794,0.030334974,0.04389505,0.041967227,0.023337043,0.006777734,0.015219983,0.012257005,0.010782155,0.021241212,0.02401528,0.006051648,0.045995047,0.021280831,0.011681792,0.03095993,0.022557475,0.047442534,0.015428608,0.021662376,0.034570997,0.004996541,0.028688441,0.026105638,0.027718644,0.035777829,0.0407879,0.028678289,0.014397082,0.023772814,0.000639678,0.03231854,0.008028542,0.007610357,0.007769778,0.000390948,0.041680118,0.033096203,0.010310884,0.009359388,0.005782869,0.004814812,0.006737183,0.024205478,0.012893541,0.035993009,0.013030009,0.027097897,0.010528211,0.038733829,0.034442984,0.046545754,0.009187662,0.021256126,0.010338441,0.011858258
1654,0.025593623,0.025593623,0.025157831,0.007522078,0.017995455,0.057171422,0.048541013,0.019296596,0.017239276,0.024705338,0.023587838,0.039542042,0.040985641,0.020393321,0.035304235,0.047502461,0.046223607,0.018571531,0.018571531,0.025206494,0.021235511,0.02794621,0.031690215,0.004737746,0.010832462,0.03183508,0.004016207,0.004596031,0.022068913,0.009965258,0.030525325,0.044439071,0.040398613,0.022961245,0.00572009,0.013776295,0.013693883,0.009550336,0.02280899,0.024270204,0.00533734,0.044315714,0.022732406,0.012598957,0.030272885,0.021211717,0.051562374,0.01553181,0.025996672,0.036734904,0.005971476,0.031475098,0.024802392,0.028403393,0.03756242,0.043014489,0.026663781,0.016068416,0.02255101,0.00090211,0.032811713,0.007567131,0.006317709,0.007245769,0.000625517,0.040186541,0.03301971,0.010954357,0.008940109,0.007828338,0.00525596,0.009884883,0.026401901,0.013218479,0.036868506,0.014354293,0.029547648,0.009926113,0.038293829,0.032281549,0.045349291,0.01172569,0.022183248,0.009766345,0.012125717
1653,0.024359563,0.024359563,0.023827413,0.007349223,0.016206904,0.05709766,0.050378826,0.017855903,0.015307775,0.021591377,0.020123728,0.038529049,0.03717118,0.016188374,0.030937191,0.041422875,0.040382182,0.016678294,0.016678294,0.020657012,0.022576593,0.026539012,0.031831061,0.005364325,0.010816598,0.02927993,0.003172302,0.003553632,0.023214533,0.009056966,0.030698371,0.043329695,0.037348227,0.022973771,0.004627192,0.011895772,0.014303468,0.00808911,0.023429568,0.024097756,0.004818247,0.041219976,0.023171628,0.015543541,0.028705566,0.019513498,0.053261808,0.012642171,0.029411296,0.037275881,0.007068277,0.032874848,0.023295514,0.028193404,0.037691427,0.043816307,0.024321331,0.017449082,0.021887745,0.002853948,0.032727769,0.006901382,0.005410287,0.007312023,0.00113375,0.037572783,0.033427675,0.010785828,0.008676369,0.010294685,0.005445024,0.012894527,0.026177776,0.01399833,0.0355822,0.014543477,0.030784416,0.009130119,0.037018869,0.029177317,0.04261229,0.014111436,0.022568984,0.009159086,0.012524765
1652,0.022874228,0.022874228,0.022286418,0.007485501,0.014312031,0.054687405,0.050497204,0.016334477,0.013214409,0.017829346,0.016023908,0.036357229,0.033079424,0.012250812,0.026276973,0.034304478,0.033340668,0.014562539,0.014562539,0.015634857,0.024235513,0.024644338,0.030535283,0.006019202,0.010933778,0.027063729,0.002757313,0.003837923,0.023932119,0.008291406,0.030854112,0.040716259,0.033575953,0.023424729,0.003269882,0.010361521,0.013998676,0.006578012,0.022035988,0.023235515,0.004134997,0.03716583,0.021800399,0.015495269,0.026622963,0.017815279,0.052965695,0.011919761,0.030904625,0.036515937,0.008774413,0.034338806,0.019874495,0.027581694,0.036100346,0.043026824,0.021717864,0.017530832,0.023388819,0.005117425,0.031615507,0.005879687,0.004725441,0.007107238,0.002319626,0.03425891,0.03301971,0.011122885,0.008277378,0.011708836,0.006050026,0.016246551,0.025326102,0.014986141,0.033063463,0.014519829,0.030221528,0.008449782,0.03487084,0.025422595,0.038532238,0.015634253,0.022623123,0.008208523,0.012992711
1651,0.020438576,0.020438576,0.020032539,0.007887469,0.012385341,0.05043746,0.049237802,0.014852525,0.011256968,0.014436166,0.012474027,0.033425665,0.028854211,0.00874376,0.021548839,0.02670165,0.025810535,0.012369966,0.012369966,0.011981091,0.026371053,0.022473126,0.028028235,0.006993431,0.011119102,0.02424785,0.002913282,0.002795524,0.023453728,0.007733455,0.030179232,0.036940111,0.028984091,0.022510287,0.002221052,0.009269433,0.013062528,0.004882391,0.019379476,0.021638495,0.003922035,0.032331388,0.019100792,0.016702066,0.024153898,0.014707217,0.050596787,0.008617316,0.030567715,0.034416432,0.009490381,0.034274597,0.016779287,0.026513486,0.033713724,0.040664543,0.019676586,0.015804999,0.02628624,0.006003133,0.030010073,0.005062332,0.004408699,0.007119285,0.004339526,0.028191256,0.03064841,0.01121481,0.008094789,0.011809847,0.0077642,0.019289328,0.023936528,0.014947149,0.030389832,0.016151536,0.028239529,0.007793257,0.032130369,0.020947395,0.033404777,0.018476845,0.022108807,0.007220715,0.013368009
1650,0.01703536,0.01703536,0.017042244,0.008511307,0.010578668,0.044883677,0.047081083,0.013514865,0.009717164,0.011935131,0.010047233,0.029855792,0.024664381,0.005589318,0.017131989,0.019381191,0.018612392,0.010298148,0.010298148,0.009778432,0.02834915,0.020225568,0.024647945,0.008177868,0.011828671,0.021040876,0.004135969,0.004975085,0.022786499,0.006708383,0.028691036,0.031681239,0.024598483,0.020856777,0.001163408,0.009173542,0.011778046,0.003311448,0.015819314,0.019936507,0.003833302,0.026937169,0.015994101,0.018826028,0.021556012,0.011887533,0.045575732,0.005830879,0.029447719,0.031093288,0.010252049,0.033709561,0.012380833,0.024541408,0.02954251,0.036686289,0.018123875,0.012762083,0.028625121,0.008151795,0.027596676,0.005134839,0.00442582,0.00748067,0.006828563,0.024597337,0.027741656,0.010923715,0.007553784,0.010235762,0.010108585,0.021625253,0.022188354,0.015168107,0.027167331,0.017759595,0.025115897,0.007126527,0.028606907,0.016336333,0.027624097,0.019999662,0.020728276,0.006557935,0.013581976
1649,0.013573636,0.013573636,0.013916433,0.009124376,0.009188423,0.038843938,0.044071704,0.01249902,0.008692011,0.009981248,0.008345954,0.026613487,0.020787616,0.003105241,0.013352424,0.012992897,0.012226146,0.008493917,0.008493917,0.008222155,0.03023069,0.018006663,0.020845119,0.009847398,0.012721401,0.017755683,0.006386382,0.007723227,0.021099543,0.005994725,0.026545265,0.026230359,0.020381135,0.019165687,0.000229156,0.009972631,0.010058146,0.001660711,0.012193827,0.01859441,0.004245914,0.021373321,0.012549959,0.0188743,0.019215768,0.009836853,0.037748035,0.00371525,0.028564469,0.026082812,0.010617649,0.031873192,0.00900054,0.021848062,0.023952225,0.0314683,0.016725098,0.010273249,0.02918366,0.011366587,0.025046869,0.005655574,0.00456279,0.008347994,0.009200315,0.021796881,0.023407022,0.010724545,0.006978966,0.008173458,0.01140682,0.02321567,0.017795509,0.014986141,0.022860561,0.016766382,0.021207394,0.006932631,0.024823603,0.011708803,0.021633079,0.019593577,0.018894334,0.005697131,0.01369495
1648,0.010979373,0.010979373,0.011285623,0.009704026,0.008507396,0.032576407,0.040316457,0.012055884,0.008207968,0.008348176,0.007055027,0.023069977,0.01747352,0.001371777,0.01042861,0.007645141,0.00738919,0.007180924,0.007180924,0.007673854,0.031296582,0.015935359,0.018309902,0.011500758,0.013923485,0.016295598,0.009536402,0.008386572,0.020507849,0.00533297,0.025714644,0.021440839,0.018231753,0.019002841,0,0.011506882,0.009056686,0.001590892,0.009406667,0.018182034,0.005080012,0.017972249,0.009839639,0.019357019,0.017648448,0.009099891,0.032057506,0.004489261,0.027508212,0.023236244,0.011882018,0.031590674,0.007412209,0.020652033,0.021114079,0.027668913,0.015239315,0.010473083,0.028206217,0.015516294,0.023798198,0.007072763,0.00574415,0.009775464,0.013396493,0.018296312,0.020780744,0.011383339,0.006796376,0.006952911,0.010864839,0.025347271,0.015374961,0.015025134,0.017937577,0.012296923,0.017267179,0.007701412,0.022852266,0.0091439,0.015898622,0.019542817,0.019144725,0.004500657,0.013829535
1647,0.009107485,0.009107485,0.009138048,0.010379294,0.008576264,0.026567041,0.035849255,0.012259053,0.008376579,0.007717516,0.006763071,0.019945462,0.014637482,0.000255671,0.008319796,0.004153513,0.004061004,0.006495231,0.006495231,0.007218906,0.031432032,0.014078009,0.016169052,0.012951996,0.014823066,0.014705147,0.012675283,0.011513768,0.019614014,0.004956678,0.025714644,0.01712067,0.016489451,0.019704331,0.00016746,0.013366096,0.007859288,0.00216441,0.008013087,0.017934608,0.006069394,0.014868028,0.008377352,0.02094999,0.01627436,0.008459053,0.02628973,0.003405646,0.026552117,0.020930652,0.013923287,0.031475098,0.00614969,0.019291665,0.017974919,0.023653651,0.013874001,0.011444999,0.027403317,0.018288232,0.022444597,0.009472097,0.007396342,0.011726944,0.018192125,0.017222803,0.019276371,0.012241302,0.006776089,0.006127989,0.009238894,0.026981866,0.013581962,0.014700196,0.01301796,0.006077518,0.013691652,0.008643678,0.021054157,0.007822337,0.010714551,0.020202704,0.019598134,0.003491566,0.013939086
1646,0.00730628,0.00730628,0.007226207,0.011349399,0.009370459,0.021334336,0.031771732,0.01318703,0.009328581,0.009189055,0.008558193,0.017571436,0.012062971,0,0.006847136,0.002002062,0.002343541,0.00652953,0.00652953,0.006833677,0.030170073,0.012494369,0.014788767,0.013776655,0.015668563,0.013610083,0.015491084,0.014451438,0.018606876,0.004852873,0.024953242,0.013451193,0.014915409,0.019278426,0.001075271,0.015092128,0.00766335,0.003610675,0.00902561,0.017034879,0.006650601,0.012315104,0.009218301,0.020853447,0.0163173,0.0092601,0.020251589,0.005624476,0.025978461,0.019024353,0.016421558,0.030396392,0.005375888,0.018022597,0.015007767,0.019545873,0.012354754,0.012589499,0.023249184,0.020518905,0.021206419,0.012477856,0.010118607,0.013744676,0.022218892,0.016569364,0.017007063,0.013283115,0.007215655,0.005909132,0.007260031,0.028064233,0.011161415,0.013972335,0.009256692,0.001135101,0.010972349,0.009715208,0.019737623,0.007525911,0.00624719,0.019136732,0.020619999,0.002702939,0.013939514
1645,0.005609575,0.005609575,0.005741203,0.012586493,0.010701905,0.016739449,0.027395947,0.014876165,0.010909371,0.012851135,0.012508335,0.015836841,0.009649608,0.00029755,0.005834045,0.0012059,0.001985409,0.00736404,0.00736404,0.005965139,0.027365064,0.011191416,0.013042284,0.013926225,0.016185596,0.012202144,0.017730356,0.016441472,0.017750809,0.004982629,0.023620787,0.011573786,0.013243667,0.017186485,0.002529531,0.016146926,0.006727202,0.005969584,0.012302701,0.01486803,0.006096014,0.010008142,0.012373199,0.02094999,0.015823487,0.009804812,0.014908672,0.010526542,0.025195373,0.016770282,0.018858895,0.029112219,0.005253709,0.017036558,0.012771653,0.015826667,0.011491394,0.014397082,0.02098012,0.023143225,0.020251553,0.016155957,0.013910944,0.016322556,0.026688734,0.014422348,0.015630179,0.014263645,0.008027163,0.006700384,0.005949192,0.028649595,0.010444215,0.014089312,0.00765386,0.000543902,0.009378822,0.010613253,0.018684395,0.008180518,0.002885925,0.018832169,0.021513284,0.001504152,0.013897149
1644,0.005126638,0.005126638,0.00533871,0.014253032,0.012430045,0.012953765,0.023195833,0.017245281,0.012635426,0.017336361,0.017138249,0.014258457,0.007418929,0.001270153,0.005277128,0.001656224,0.002646123,0.008968147,0.008968147,0.005342392,0.023565508,0.010131258,0.012591579,0.014059626,0.016075267,0.010715985,0.019679971,0.019426523,0.016668135,0.004762044,0.022703643,0.010507078,0.011778179,0.016034039,0.004301085,0.016914051,0.006248242,0.008617745,0.015144298,0.012746168,0.005386144,0.008354254,0.01524421,0.021287893,0.015823487,0.011503031,0.010621463,0.014654598,0.023219444,0.015263275,0.021387632,0.027288692,0.005946058,0.016096169,0.01154609,0.012619393,0.01128392,0.017639832,0.017873247,0.023700893,0.019275701,0.019497887,0.018191235,0.019087152,0.029672972,0.013395514,0.013998317,0.015581232,0.009007735,0.007643151,0.006113047,0.028379003,0.01129589,0.014375258,0.007839061,0.002530328,0.009125126,0.011688185,0.017998411,0.009040975,0.000795003,0.014923605,0.022460707,0.000764568,0.014110474
1643,0.006925476,0.006925476,0.006636669,0.016672262,0.014359956,0.01026799,0.019901672,0.020251111,0.014146178,0.021231876,0.021021457,0.013461413,0.005522083,0.002747068,0.005334857,0.002827152,0.004084967,0.011295648,0.011295648,0.003400886,0.01940681,0.009297495,0.013605666,0.014407276,0.016047865,0.008343346,0.021267514,0.020847976,0.015535105,0.004813946,0.021648062,0.009579041,0.01033983,0.014881592,0.00612552,0.017270978,0.00618293,0.011510275,0.014980988,0.012468752,0.005279663,0.007311033,0.015179934,0.020081097,0.015351144,0.012720622,0.007634579,0.017492636,0.020542379,0.014232843,0.024251503,0.025234014,0.007615841,0.01540229,0.011331079,0.009911713,0.01153155,0.020973415,0.017454342,0.021880271,0.018499217,0.02243773,0.022137663,0.021279554,0.03184925,0.013535537,0.01348836,0.0176955,0.010224996,0.008855281,0.007121385,0.027760508,0.013671612,0.014726191,0.009128735,0.005509968,0.009949637,0.012980824,0.017565341,0.010090815,0,0.012791662,0.023340458,0.000317625,0.014901723
1642,0.010489334,0.010489334,0.009369319,0.019878344,0.016169449,0.008604025,0.016056061,0.023589908,0.015289099,0.024349706,0.024055707,0.012804314,0.004002145,0.004776033,0.00577858,0.004460061,0.005970169,0.014200559,0.014200559,0.001432201,0.015338769,0.008693145,0.014760598,0.015094492,0.016436542,0.006752896,0.022453994,0.024638517,0.015081893,0.004995605,0.020004124,0.008992352,0.009080596,0.01305271,0.00805572,0.017622577,0.006487722,0.014517509,0.013794267,0.013915817,0.006020591,0.006708848,0.013701577,0.017474416,0.015565845,0.014931511,0.005317169,0.023529918,0.018092955,0.013266813,0.026947807,0.023166494,0.008104558,0.014708411,0.012212624,0.007635781,0.011792566,0.022608415,0.018082699,0.019239549,0.018069002,0.024711824,0.025322199,0.023014202,0.033282727,0.013115468,0.013105893,0.018798596,0.012301103,0.009957982,0.007625554,0.026584262,0.015061186,0.016129923,0.010916768,0.01073616,0.011551093,0.014644248,0.017038727,0.010922453,0.000295773,0.010101352,0.023996887,5.37E-05,0.016287373
1641,0.014271662,0.014271662,0.012619286,0.023468942,0.017542779,0.007920649,0.013294181,0.026921121,0.016191814,0.027404663,0.027127292,0.012062238,0.002832192,0.006933272,0.006194004,0.006124489,0.008049685,0.01740027,0.01740027,0,0.01162236,0.008362505,0.01591553,0.016780192,0.016973766,0.005084227,0.023091797,0.025728297,0.014679038,0.006396969,0.018775497,0.008544334,0.00816331,0.010372019,0.010126939,0.017697159,0.007119078,0.017444948,0.013598295,0.016105158,0.008141329,0.006717329,0.013053457,0.015543541,0.016489061,0.01784732,0.004094091,0.027451571,0.016945641,0.01251975,0.029705044,0.02091919,0.009122719,0.014553201,0.013137172,0.00624185,0.01098944,0.023362332,0.016860895,0.017402524,0.017638788,0.027262765,0.027676359,0.024477811,0.03419494,0.012275331,0.012927408,0.020085541,0.014485411,0.012028704,0.009680042,0.02529757,0.017302434,0.017676628,0.013533156,0.015915057,0.013675796,0.017100263,0.016550224,0.011745856,0.001471982,0.009441465,0.02424051,0.00038934,0.018115078
1640,0.017457422,0.017457422,0.015879803,0.027196375,0.018382484,0.007990071,0.010904076,0.029912456,0.016957047,0.03053668,0.030415826,0.011629501,0.002101068,0.009045996,0.006481518,0.007507842,0.009557803,0.020628326,0.020628326,0.000373412,0.008924102,0.008321788,0.016985955,0.019399697,0.018471865,0.003467703,0.023105723,0.02634426,0.013747435,0.007616675,0.017391129,0.008640338,0.00765853,0.008643349,0.012021884,0.017164433,0.00890429,0.02042226,0.013859591,0.017447255,0.011664063,0.007361922,0.013583737,0.012598957,0.017863149,0.019417372,0.003682107,0.031012019,0.015862067,0.01219774,0.031426413,0.018941563,0.012380833,0.014872751,0.015179776,0.00550171,0.010079231,0.023380499,0.014277652,0.016533218,0.017365969,0.028983167,0.029362793,0.025712543,0.034468604,0.011155149,0.013080395,0.021969997,0.016994322,0.014419293,0.014507459,0.023850733,0.017974808,0.019795224,0.016718617,0.021093953,0.01611762,0.020025711,0.016037468,0.012754526,0.003201953,0.010608958,0.02396305,0.000609804,0.020257956
1639,0.020467661,0.020467661,0.019276242,0.03046447,0.018748974,0.008183152,0.008565157,0.032253026,0.017436421,0.03253667,0.032609864,0.011675495,0.001908384,0.010951079,0.006782615,0.008573421,0.010540487,0.023596449,0.023596449,0.001124963,0.007338674,0.008534234,0.017943704,0.022589186,0.020086422,0.000938626,0.022440068,0.026107351,0.0136719,0.009524088,0.01604137,0.008469665,0.007441421,0.009507684,0.01377581,0.016344034,0.010602418,0.022965691,0.014980988,0.018122052,0.016202798,0.008184625,0.014944254,0.01163352,0.018657544,0.019417372,0.004312958,0.031063619,0.014714754,0.011824208,0.032614615,0.017567497,0.013398993,0.01515578,0.017050372,0.00532901,0.009343032,0.023434999,0.010821692,0.016648032,0.017313504,0.029760973,0.029816504,0.026628052,0.033426075,0.009894944,0.013743339,0.023502075,0.0199969,0.017702144,0.020607902,0.02222166,0.019005782,0.021016991,0.019442758,0.02546882,0.018765571,0.023213089,0.015493532,0.013672621,0.005210298,0.010608958,0.023523175,0.001707497,0.022681131
1638,0.024037605,0.024037605,0.023061379,0.03261894,0.018825896,0.008350199,0.006673842,0.033733193,0.017533437,0.032235205,0.032292682,0.011513394,0.002268754,0.012382601,0.007273879,0.009167952,0.010976824,0.026123223,0.026123223,0.002476809,0.006587131,0.008970249,0.019943709,0.02677716,0.021667448,0,0.022155982,0.026628551,0.01447761,0.012274914,0.016370157,0.008458998,0.008266437,0.013804305,0.015441599,0.016035053,0.013084299,0.025743517,0.015797539,0.019366678,0.021029919,0.010406772,0.015978032,0.010233636,0.020461035,0.022012763,0.006514497,0.032405237,0.013430855,0.013009205,0.034884385,0.017528971,0.015516767,0.017292198,0.020942071,0.006260354,0.009878449,0.023562165,0.006981737,0.019206745,0.018709077,0.029991678,0.029730898,0.02748333,0.034416477,0.010501709,0.015732171,0.026275136,0.024608969,0.020774556,0.025145421,0.022044947,0.022412479,0.024006421,0.021614663,0.029678152,0.021889202,0.027808763,0.016425499,0.014874791,0.00722981,0.014263718,0.02325925,0.003984082,0.025322338
1637,0.027695142,0.027695142,0.026819737,0.033558968,0.018767902,0.008369724,0.005080368,0.034117007,0.017444203,0.029769958,0.029657348,0.011499371,0.00307449,0.013246551,0.007963234,0.009377355,0.010606929,0.027990666,0.027990666,0.003884194,0.00677676,0.009642838,0.01991554,0.03069429,0.023050891,0.000625751,0.021546031,0.027813095,0.014830108,0.014818131,0.016110588,0.007978979,0.008711511,0.018188613,0.017107388,0.015246619,0.014782427,0.027608701,0.015623341,0.020498838,0.025506541,0.01234903,0.015785203,0.010668083,0.021684833,0.023518731,0.00863879,0.032095633,0.012183379,0.013717627,0.035661286,0.016976777,0.016575654,0.019099935,0.024188737,0.00729655,0.01131069,0.022299582,0.005236303,0.023061215,0.019275701,0.028798603,0.028600901,0.027043645,0.034559825,0.008681413,0.017491522,0.028220875,0.02872737,0.023577606,0.027515015,0.021509285,0.023488278,0.027086833,0.022581076,0.032610495,0.02368093,0.031598238,0.016564082,0.015405887,0.008950822,0.018781408,0.022575752,0.007253102,0.027874107
1636,0.030223458,0.030223458,0.029686281,0.033078649,0.018685341,0.007788313,0.003635394,0.033281137,0.017605031,0.026439652,0.026231581,0.011384105,0.004089449,0.01351335,0.008584672,0.009065194,0.009516631,0.02904911,0.02904911,0.006193204,0.007896832,0.010535415,0.020253569,0.033677615,0.024080992,0.001746888,0.020721622,0.029755747,0.014855287,0.018425347,0.014708915,0.008426996,0.009189151,0.021082256,0.018764364,0.014538093,0.017111911,0.028840519,0.014414846,0.021511033,0.029157938,0.013926584,0.014821057,0.010619811,0.023273623,0.023967317,0.010479843,0.030238008,0.010662733,0.01414268,0.035128119,0.016309006,0.018367617,0.020916803,0.026661363,0.008116872,0.012655926,0.018339249,0.004747581,0.02694849,0.018772035,0.026524508,0.026854543,0.025212627,0.034155845,0.009101482,0.018970397,0.030013406,0.031912538,0.024823406,0.028548561,0.020918401,0.024429602,0.028711523,0.023557591,0.033651004,0.02435481,0.034105279,0.015701405,0.015500578,0.010301275,0.02350214,0.021729838,0.011184902,0.02987534
1635,0.031013134,0.031013134,0.031150592,0.031426964,0.018740516,0.00748676,0.002763776,0.031291374,0.018353663,0.023267654,0.023155287,0.011501334,0.005102869,0.013273787,0.009116686,0.008378266,0.008033783,0.029294021,0.029294021,0.009480648,0.009815117,0.011658722,0.020732443,0.035500758,0.024586127,0.004328111,0.019824799,0.030040038,0.014200647,0.021954709,0.013289937,0.008544334,0.009677647,0.021407947,0.020826769,0.013792277,0.019463166,0.029059953,0.01378338,0.02248574,0.032028478,0.015054621,0.014355054,0.012454142,0.024218308,0.023454647,0.012024783,0.027038765,0.009615582,0.014284365,0.03336105,0.014729473,0.018815608,0.021921102,0.028316948,0.008961866,0.014114938,0.013307083,0.004084316,0.02973683,0.018016537,0.024105399,0.0250397,0.022514286,0.032969969,0.009334853,0.018715419,0.030733482,0.034117133,0.025050681,0.028624186,0.020045881,0.021381505,0.028672531,0.024015543,0.033178045,0.024172466,0.03497611,0.014308651,0.014994185,0.011185996,0.025837126,0.020674137,0.016351115,0.031002945
1634,0.03057078,0.03057078,0.031394035,0.028546353,0.019080828,0.007276323,0.002202848,0.028311636,0.01961072,0.020115002,0.020216562,0.011725976,0.005985141,0.01251234,0.009672471,0.007347228,0.006489068,0.028763381,0.028763381,0.013265581,0.011903988,0.01290814,0.02236625,0.035913087,0.024758471,0.00784796,0.019092301,0.030940291,0.014238415,0.025380266,0.011334517,0.008693673,0.010681777,0.02091941,0.022457303,0.013451332,0.022554631,0.028670957,0.013663619,0.023737864,0.033510333,0.015648324,0.014312203,0.01395057,0.023595674,0.023422606,0.01301612,0.022807508,0.009460785,0.014683657,0.03145688,0.013201306,0.019793042,0.022076311,0.028832974,0.009449125,0.014871215,0.009210499,0.002548334,0.031983904,0.016274694,0.021442402,0.022325995,0.019761737,0.031249796,0.011481869,0.019199878,0.031070539,0.035043604,0.024511956,0.02726293,0.018869635,0.019095432,0.028321598,0.022045676,0.029867335,0.023141826,0.034496473,0.012396211,0.014113143,0.011575252,0.028121352,0.019313907,0.021956405,0.031103082
1633,0.029821011,0.029821011,0.030925813,0.025030951,0.019802531,0.006777351,0.00153955,0.024641882,0.021083081,0.016455824,0.016756487,0.0120011,0.006773186,0.011541201,0.010446721,0.006317485,0.004974415,0.027577379,0.027577379,0.016215063,0.013939215,0.014161705,0.023605689,0.034955028,0.02364941,0.011784976,0.018426647,0.028429058,0.013734846,0.028040263,0.010002062,0.009419035,0.011675053,0.020130235,0.024466826,0.012977206,0.02599443,0.027429164,0.013184576,0.023947801,0.033776534,0.01562288,0.013610519,0.014819463,0.022608048,0.022333182,0.013170614,0.020898282,0.009615582,0.014683657,0.028349275,0.011467671,0.019304325,0.021765892,0.02797293,0.010109083,0.014744054,0.007457416,0.001361439,0.032787602,0.014448906,0.018693714,0.019629412,0.017659681,0.029425371,0.011341846,0.018052475,0.030993936,0.034915116,0.024680308,0.025069796,0.017654733,0.015509436,0.027138823,0.017617684,0.024286424,0.021469018,0.032809238,0.010310543,0.012849218,0.011348034,0.029897971,0.01814993,0.0278895,0.030198644
1632,0.028869341,0.028869341,0.029904162,0.021451122,0.020811788,0.006202447,0.000990418,0.020641169,0.022475546,0.012713783,0.013142363,0.012095051,0.007283165,0.01016181,0.011406611,0.005308898,0.004065579,0.025893903,0.025893903,0.018057308,0.015602426,0.015322526,0.024619776,0.032889338,0.022017185,0.015617701,0.017872399,0.024970189,0.01318092,0.030116359,0.008808044,0.010251068,0.012874581,0.020105182,0.026449908,0.012796079,0.029151208,0.025883157,0.01255311,0.022583211,0.032583064,0.015376917,0.012737432,0.014771191,0.021319841,0.020538837,0.01313199,0.016925028,0.009187615,0.01541784,0.025180737,0.009785404,0.019304325,0.021081143,0.025951827,0.010509993,0.013653141,0.00749375,0.000942534,0.031344226,0.012287341,0.016261422,0.016992753,0.015888894,0.027366377,0.011015126,0.017848492,0.029752952,0.033447639,0.025421054,0.022775828,0.016417742,0.012909588,0.025228188,0.011502678,0.017452172,0.019423595,0.030050472,0.008062041,0.011593527,0.010523039,0.030811661,0.016708492,0.03350173,0.028332211
1631,0.027072194,0.027072194,0.028060486,0.018336016,0.021777146,0.00564273,0.000304161,0.016542552,0.023682798,0.010156001,0.010701105,0.012707839,0.007338548,0.008841284,0.012341597,0.004928087,0.003564543,0.023799124,0.023799124,0.019100735,0.016670465,0.016306716,0.024084564,0.030370894,0.019379738,0.018824675,0.017064701,0.0231223,0.013092795,0.031919967,0.007267934,0.011573786,0.013672458,0.019629171,0.028142139,0.012849352,0.031524234,0.023943167,0.013119252,0.020168937,0.030222744,0.014164066,0.012999894,0.018198494,0.019881342,0.018456116,0.012295148,0.013570983,0.010107287,0.015598166,0.021159131,0.008411338,0.0178789,0.019665995,0.023070679,0.010547,0.012267749,0.008583749,0.001710526,0.02850668,0.009978874,0.0147915,0.014741321,0.014696324,0.02487734,0.012602051,0.016318621,0.027592723,0.031148368,0.025985031,0.022221242,0.014915682,0.009323591,0.022277751,0.006000519,0.013171897,0.017203755,0.026420876,0.00584472,0.010424293,0.009232053,0.030608619,0.015483609,0.038588132,0.025542296
1630,0.024092054,0.024092054,0.02530552,0.01574096,0.02239454,0.004981049,0.000312165,0.012693269,0.024519107,0.009530178,0.010249045,0.012828994,0.007011253,0.007496158,0.0131,0.004647444,0.003688713,0.021432789,0.021432789,0.019048741,0.01716291,0.017061494,0.023464844,0.026716523,0.016538218,0.020884438,0.016170664,0.021037503,0.012815832,0.033178599,0.005554778,0.012331149,0.013976411,0.017299225,0.030125221,0.012796079,0.032743403,0.022122868,0.014022902,0.017274807,0.026597967,0.012187882,0.013744428,0.020322456,0.017669918,0.01784732,0.011278062,0.011558556,0.011555088,0.01572697,0.017670693,0.006870329,0.015435315,0.017739567,0.019716508,0.010442146,0.011002825,0.010981749,0.002094521,0.025505113,0.007911747,0.013380903,0.012943599,0.013485684,0.021671564,0.013768908,0.014686759,0.024880945,0.028017301,0.026414327,0.023985833,0.013380487,0.007127168,0.019834217,0.002448023,0.011847613,0.014936348,0.022236805,0.003831808,0.009670879,0.007629453,0.02710614,0.014367003,0.042495178,0.022017834
1629,0.020528873,0.020528873,0.021940322,0.013803534,0.022338963,0.004217404,0,0.009308977,0.024611454,0.010169543,0.011063695,0.0122249,0.00641397,0.006176804,0.013672765,0.004905636,0.004132239,0.018918772,0.018918772,0.018063217,0.017267246,0.017506934,0.021605685,0.022516422,0.013557163,0.022761691,0.015137368,0.016962671,0.012438155,0.033035868,0.004499197,0.012661829,0.013683314,0.013829359,0.031297442,0.012417844,0.033440071,0.020297581,0.015895525,0.014658093,0.022400857,0.010118401,0.015581661,0.021046534,0.014964682,0.015668473,0.01018373,0.011713358,0.01274793,0.015623927,0.014486922,0.00539353,0.01400989,0.01557576,0.016362337,0.010158426,0.010795351,0.014669582,0.003839955,0.022388733,0.005897084,0.012194419,0.011736557,0.012534037,0.018830674,0.014048954,0.013207884,0.022107884,0.02418969,0.026725777,0.026241988,0.011762459,0.006992694,0.017572648,0.000700397,0.013715799,0.012811645,0.017729575,0.00210992,0.009452677,0.00598193,0.023045295,0.013561693,0.044391215,0.018115078
1628,0.017270741,0.017270741,0.018399035,0.01278924,0.021477108,0.003588264,0.000314693,0.00651189,0.023638181,0.010753129,0.011722276,0.010802728,0.005786688,0.005558274,0.014062154,0.005518301,0.005068522,0.016342959,0.016342959,0.016166614,0.017196705,0.017598359,0.020140892,0.018482062,0.010512291,0.021901283,0.013792133,0.013740711,0.011569499,0.032023771,0.004239628,0.012501822,0.012988564,0.010359492,0.031905588,0.011698664,0.033548926,0.018766535,0.017528627,0.012851137,0.018953547,0.007802958,0.017413537,0.022205059,0.012087684,0.013810045,0.008600166,0.009081723,0.013439961,0.015894415,0.012080051,0.003672737,0.011769936,0.012982843,0.013567194,0.009751349,0.011223685,0.018648082,0.003909773,0.017156494,0.004165734,0.01094861,0.010675045,0.011823313,0.015038476,0.013768908,0.011168056,0.018400255,0.019922512,0.02595136,0.026884804,0.010033985,0.00533417,0.015272087,0,0.015607634,0.011218117,0.01349788,0.000869606,0.009514432,0.004440095,0.018375324,0.012925565,0.044385894,0.014251906
1627,0.014575696,0.014575696,0.014954313,0.012427191,0.019719568,0.003150036,0.000895842,0.004360663,0.02153392,0.010651566,0.011561835,0.009311565,0.005288246,0.005478322,0.014264772,0.006266537,0.00621328,0.013791808,0.013791808,0.013065876,0.016793576,0.017311264,0.018084549,0.014686205,0.007875565,0.019711155,0.012148887,0.009713261,0.011040751,0.030830016,0.003235961,0.011765794,0.011653342,0.006125504,0.031852705,0.010824993,0.033178821,0.017370142,0.018356065,0.011179139,0.016016457,0.005216108,0.018479453,0.021046534,0.009403918,0.009836853,0.007338465,0.008617316,0.013713131,0.015456481,0.009536081,0.002594031,0.009204172,0.010326017,0.01075055,0.00926409,0.01128392,0.021472999,0.005899568,0.010989341,0.002948542,0.009636886,0.01001588,0.011269189,0.012080301,0.013255491,0.009893164,0.015045005,0.015851449,0.023687035,0.024868128,0.00871416,0.004616971,0.01278956,0.000414177,0.018090666,0.010290541,0.009983941,0.000128189,0.009843793,0.003150926,0.014009915,0.012072884,0.042058183,0.010713536
1626,0.011925293,0.011925293,0.011588304,0.012348469,0.017149709,0.002490524,0.001157664,0.002727282,0.01857571,0.010168576,0.010990033,0.007525928,0.004983643,0.005878082,0.013968202,0.007138257,0.007444957,0.011252278,0.011252278,0.009588181,0.016256338,0.016662804,0.014507076,0.010999495,0.005651672,0.016556327,0.010614261,0.00592272,0.010486825,0.029065335,0.003235961,0.010101728,0.010046733,0.002054361,0.03155304,0.009770195,0.031371838,0.01603858,0.016548766,0.009169743,0.014006636,0.003121183,0.016685072,0.020322456,0.007321315,0.007465755,0.005960894,0.008307712,0.013977195,0.015018548,0.008058445,0.00177216,0.00843037,0.008372199,0.008234921,0.008727488,0.010607955,0.022444915,0.006039202,0.006314771,0.002476356,0.008252655,0.008714672,0.010329588,0.0093176,0.01204196,0.0082868,0.011061602,0.012064413,0.020218997,0.0220952,0.007493736,0.002958447,0.011294846,0.001208859,0.01953319,0.009941709,0.007602763,0,0.010029059,0.002232447,0.010964281,0.011545034,0.037957045,0.00762364
1625,0.009030039,0.009030039,0.008306284,0.012050289,0.014005549,0.001759421,0.002085523,0.001567591,0.015110631,0.009664629,0.010406122,0.00581461,0.005021334,0.006550791,0.01310566,0.008159797,0.008713885,0.008760087,0.008760087,0.007142096,0.01570113,0.015736485,0.011211294,0.008464881,0.0040144,0.012801822,0.009447277,0.002605997,0.010046202,0.027015191,0.003616663,0.008149652,0.008630095,0,0.030239799,0.009114942,0.028541623,0.014886555,0.013837817,0.007377782,0.013940085,0.001441851,0.014162225,0.018198494,0.006290749,0.005543243,0.004737816,0.008204511,0.014505323,0.014091159,0.006565576,0.001284174,0.007697294,0.007057481,0.006385826,0.008511614,0.0098316,0.022417665,0.003805047,0.003788862,0.002381918,0.007567131,0.007353539,0.009377941,0.006685215,0.010455035,0.006705933,0.00785956,0.008615506,0.016860388,0.021049049,0.006599126,0.002734322,0.009813128,0.00162977,0.020195332,0.010480813,0.006269303,0.000557795,0.009963187,0.001729062,0.007461803,0.010584075,0.032343889,0.005061814
1624,0.006297456,0.006297456,0.005437305,0.011244498,0.01061733,0.001362412,0.0030791,0.00077677,0.011447369,0.008824072,0.009471058,0.004481061,0.005453624,0.007632047,0.011799396,0.009016837,0.009858207,0.006382981,0.006382981,0.005754799,0.01500323,0.014531931,0.007323961,0.006961091,0.003155562,0.008812659,0.00881226,0,0.009643347,0.024381145,0.004412674,0.006954939,0.00765853,0.000651383,0.028142139,0.008518289,0.025232449,0.013719569,0.013053928,0.005645803,0.014774183,0.000890555,0.013492679,0.014771191,0.005582234,0.00291581,0.003913848,0.008359313,0.013877033,0.013460019,0.006062876,0.001887735,0.009204172,0.006354472,0.005611787,0.008388257,0.009322954,0.022435832,0.002513425,0.00295236,0.003294812,0.006710226,0.006497481,0.008329924,0.004144051,0.008821436,0.005507535,0.005423556,0.006153933,0.013872151,0.02072134,0.006035853,0.003765297,0.00917625,0.002269556,0.019935205,0.011495597,0.005973356,0.001832755,0.009835559,0.001543782,0.006649634,0.009717859,0.025680002,0.003085188
1623,0.004273044,0.004273044,0.003262139,0.009578516,0.007270191,0.001132451,0.004009065,0.000290146,0.00776128,0.007048489,0.007458315,0.003195469,0.006300513,0.008803797,0.010315416,0.010005131,0.011024967,0.004229525,0.004229525,0.004144165,0.013788209,0.013126619,0.004704236,0.006277918,0.002432653,0.004953862,0.008678572,0.001042399,0.00992031,0.022253147,0.006316181,0.006122906,0.00718089,0.003607659,0.025630235,0.008550253,0.020878274,0.012781991,0.012433349,0.004371186,0.014871791,0.001195888,0.012737432,0.014819463,0.005324593,0.001473926,0.003707856,0.008823719,0.012037688,0.012712956,0.006108576,0.003069175,0.008959813,0.006098832,0.006364325,0.008468439,0.009195792,0.022581165,0.000698174,0.004067697,0.004826795,0.006176308,0.005538696,0.00755897,0.00291908,0.009334853,0.005048573,0.003508458,0.004997534,0.011262705,0.017784556,0.005798395,0.004079071,0.009007282,0.004229322,0.018610921,0.012423173,0.006565249,0.003617005,0.009576187,0.001701536,0.003959324,0.009074965,0.01900501,0.001677714
1622,0.003050483,0.003050483,0.001802291,0.007425346,0.00424363,0.00082439,0.00485962,5.87E-05,0.004368833,0.004474586,0.004513199,0.001729547,0.007510464,0.010089179,0.00889822,0.010908369,0.01189568,0.002417641,0.002417641,0.003511964,0.012199831,0.011600662,0.002535217,0.005853461,0.002174136,0.003076609,0.009026717,0.001468835,0.010826734,0.019359589,0.007648636,0.005866896,0.007028914,0.007854174,0.022360352,0.008758016,0.017111911,0.012073819,0.0105825,0.003778864,0.014250654,0.002535961,0.010953763,0.01395057,0.006011637,0.001826386,0.004312958,0.011713358,0.010089076,0.01219774,0.007129211,0.004777126,0.009163445,0.006646631,0.007912405,0.008850845,0.009423344,0.022181499,0.000209452,0.006527997,0.006568638,0.0061829,0.00515347,0.007083146,0.003518534,0.007887951,0.00568602,0.003355251,0.004733795,0.008947874,0.013272245,0.006394802,0.005961719,0.010216051,0.007034278,0.015134675,0.012248757,0.007851086,0.006187712,0.009325049,0.002199598,0.004568451,0.008770436,0.013032589,0.000779267
1621,0.00206398,0.00206398,0.000811072,0.005201065,0.00177526,0.000444737,0.005521233,0,0.001678844,0.002093492,0.00182203,0.000625969,0.008888869,0.011294024,0.007557997,0.011695464,0.012445948,0.000992114,0.000992114,0.003693943,0.010465811,0.010036816,0,0.004895402,0.002290595,0.001068991,0.008784408,0.003411487,0.01090227,0.016803397,0.008046642,0.005365543,0.006209326,0.010234226,0.018949451,0.008182672,0.013585029,0.010572696,0.00881875,0.003523941,0.013105987,0.003121183,0.008929058,0.012454142,0.00483078,0.000929214,0.004428828,0.014241792,0.008613959,0.009570138,0.006078109,0.005444897,0.009692889,0.006272302,0.007933906,0.008567124,0.008948162,0.019792582,0.000907626,0.009480357,0.006694555,0.00580718,0.004682638,0.006565161,0.002241437,0.00667442,0.004870088,0.002129588,0.003563871,0.007247526,0.008936393,0.005897796,0.004796271,0.009761138,0.008889657,0.008773382,0.011313253,0.007769445,0.007081569,0.008641624,0.002907738,0.003908563,0.007863616,0.007654009,0.000252267
1620,0.000985489,0.000985489,0,0.003200327,0,0,0.005750617,8.43E-05,0,0.000753825,0.000349136,0,0.010267659,0.012188139,0.006371719,0.012061163,0.0127738,0,0,0.004918167,0.008497637,0.008516138,8.45E-05,0.003816069,0.002705952,0.001381867,0.008525388,0.004406504,0.011103697,0.014532668,0.008063946,0.005824228,0.005677408,0.011562045,0.015617873,0.0077778,0.010907211,0.009171315,0.006782817,0.003988801,0.011987941,0.004206812,0.007134676,0.012550685,0.004723429,0,0.003926723,0.013622584,0.00753949,0.007406231,0.005087941,0.005894357,0.010425964,0.006044052,0.007331875,0.008394425,0.008379281,0.016059332,0.001256713,0.01179304,0.006327299,0.005616024,0.004246048,0.006227868,0.001355287,0.00602098,0.004895586,0.00197638,0.002772651,0.005875462,0.005860963,0.005284823,0.004482496,0.009345217,0.010307288,0.002341145,0.011011989,0.007412268,0.007809128,0.008155815,0.003779735,0.004263887,0.007058306,0.003002057,0
